Resource_ID,Date,Resource_Type,Department,Shift_Start,Shift_End,Capacity,Utilization_Rate,Cost_Per_Hour,Overtime_Flag,Skill_Level,Equipment_Status,Terminal,Location
RES001,19/03/2024,Equipment,Immigration,23:00,11:00,103,66%,114,Yes,N/A,Reserved,N/A,Equipment_Bay_8
RES002,19/03/2024,Equipment,Customer_Service,02:00,14:00,145,62%,76,Yes,N/A,Maintenance,N/A,Equipment_Bay_8
RES026,20/03/2024,Equipment,Security,13:00,01:00,105,52%,134,Yes,N/A,Reserved,N/A,Equipment_Bay_8
RES040,14/03/2024,Equipment,Air_Traffic,05:00,17:00,58,85%,73,Yes,N/A,Reserved,N/A,Equipment_Bay_8
RES041,20/03/2024,Vehicle,Immigration,07:00,19:00,64,83%,76,Yes,N/A,Available,N/A,Equipment_Bay_8
RES054,20/03/2024,Equipment,Security,17:00,05:00,85,82%,97,Yes,N/A,Maintenance,N/A,Equipment_Bay_8
RES055,16/03/2024,Vehicle,Maintenance,00:00,12:00,67,48%,96,Yes,N/A,Available,N/A,Equipment_Bay_8
RES065,17/03/2024,Equipment,Security,13:00,01:00,130,52%,142,Yes,N/A,Breakdown,N/A,Equipment_Bay_8
RES066,17/03/2024,Vehicle,Customer_Service,09:00,21:00,102,58%,147,Yes,N/A,Available,N/A,Equipment_Bay_8
RES086,20/03/2024,Vehicle,Immigration,23:00,11:00,100,53%,138,Yes,N/A,Available,N/A,Equipment_Bay_8
RES108,18/03/2024,Vehicle,Immigration,16:00,04:00,75,91%,143,Yes,N/A,Available,N/A,Equipment_Bay_8
RES147,20/03/2024,Equipment,Customer_Service,19:00,07:00,74,83%,76,Yes,N/A,Maintenance,N/A,Equipment_Bay_8
RES184,19/03/2024,Equipment,Maintenance,15:00,03:00,137,77%,129,Yes,N/A,Available,N/A,Equipment_Bay_8
RES193,18/03/2024,Equipment,Customer_Service,09:00,21:00,52,79%,51,Yes,N/A,Breakdown,N/A,Equipment_Bay_8
RES201,17/03/2024,Vehicle,Security,02:00,14:00,78,54%,114,Yes,N/A,Available,N/A,Equipment_Bay_8
RES216,15/03/2024,Equipment,Air_Traffic,11:00,23:00,147,74%,110,Yes,N/A,Breakdown,N/A,Equipment_Bay_8
RES226,17/03/2024,Equipment,Security,01:00,13:00,106,62%,99,Yes,N/A,Available,N/A,Equipment_Bay_8
RES232,19/03/2024,Vehicle,Air_Traffic,06:00,18:00,68,84%,84,Yes,N/A,Available,N/A,Equipment_Bay_8
RES240,17/03/2024,Vehicle,Immigration,16:00,04:00,57,62%,139,Yes,N/A,Available,N/A,Equipment_Bay_8
RES299,17/03/2024,Equipment,Ground_Handling,14:00,02:00,84,60%,72,Yes,N/A,Available,N/A,Equipment_Bay_8
RES303,16/03/2024,Vehicle,Maintenance,19:00,07:00,75,96%,125,Yes,N/A,Available,N/A,Equipment_Bay_8
RES397,14/03/2024,Vehicle,Immigration,12:00,00:00,91,78%,83,Yes,N/A,Available,N/A,Equipment_Bay_8
RES420,20/03/2024,Equipment,Ground_Handling,05:00,17:00,97,50%,128,Yes,N/A,Maintenance,N/A,Equipment_Bay_8
RES447,18/03/2024,Vehicle,Customer_Service,17:00,05:00,146,67%,70,Yes,N/A,Available,N/A,Equipment_Bay_8
RES455,17/03/2024,Vehicle,Air_Traffic,18:00,06:00,83,73%,90,Yes,N/A,Available,N/A,Equipment_Bay_8
RES462,16/03/2024,Vehicle,Immigration,08:00,20:00,135,65%,70,Yes,N/A,Available,N/A,Equipment_Bay_8
RES518,14/03/2024,Equipment,Customer_Service,21:00,09:00,137,65%,50,Yes,N/A,Breakdown,N/A,Equipment_Bay_8
RES620,15/03/2024,Equipment,Air_Traffic,09:00,21:00,148,69%,135,Yes,N/A,Breakdown,N/A,Equipment_Bay_8
RES656,14/03/2024,Equipment,Maintenance,13:00,01:00,78,59%,142,Yes,N/A,Reserved,N/A,Equipment_Bay_8
RES663,17/03/2024,Equipment,Air_Traffic,09:00,21:00,95,80%,67,Yes,N/A,Reserved,N/A,Equipment_Bay_8
RES676,16/03/2024,Equipment,Maintenance,03:00,15:00,109,59%,123,Yes,N/A,Reserved,N/A,Equipment_Bay_8
RES688,14/03/2024,Equipment,Ground_Handling,12:00,00:00,104,48%,61,Yes,N/A,Maintenance,N/A,Equipment_Bay_8
RES691,19/03/2024,Equipment,Air_Traffic,05:00,17:00,80,63%,118,Yes,N/A,Reserved,N/A,Equipment_Bay_8
RES705,15/03/2024,Vehicle,Maintenance,13:00,01:00,65,75%,129,Yes,N/A,Available,N/A,Equipment_Bay_8
RES746,20/03/2024,Equipment,Maintenance,00:00,12:00,74,45%,134,Yes,N/A,Reserved,N/A,Equipment_Bay_8
RES781,18/03/2024,Vehicle,Air_Traffic,07:00,19:00,146,60%,96,Yes,N/A,Available,N/A,Equipment_Bay_8
RES003,18/03/2024,Staff,Security,00:00,10:00,26,51%,44,Yes,Specialist,Available,T2,Terminal_2_Security
RES004,15/03/2024,Gate,Maintenance,11:00,23:00,322,53%,153,Yes,N/A,Available,T2E,Gate_2E_20
RES005,19/03/2024,Equipment,Maintenance,09:00,21:00,79,84%,108,Yes,N/A,Maintenance,N/A,Equipment_Bay_9
RES025,17/03/2024,Equipment,Customer_Service,08:00,20:00,82,82%,95,Yes,N/A,Breakdown,N/A,Equipment_Bay_9
RES060,17/03/2024,Vehicle,Maintenance,16:00,04:00,104,78%,75,Yes,N/A,Available,N/A,Equipment_Bay_9
RES068,19/03/2024,Equipment,Ground_Handling,11:00,23:00,74,93%,87,Yes,N/A,Breakdown,N/A,Equipment_Bay_9
RES127,19/03/2024,Equipment,Ground_Handling,21:00,09:00,132,97%,58,Yes,N/A,Reserved,N/A,Equipment_Bay_9
RES139,19/03/2024,Equipment,Air_Traffic,14:00,02:00,79,49%,118,Yes,N/A,Reserved,N/A,Equipment_Bay_9
RES143,19/03/2024,Vehicle,Security,13:00,01:00,62,71%,79,Yes,N/A,Available,N/A,Equipment_Bay_9
RES158,16/03/2024,Vehicle,Customer_Service,13:00,01:00,135,72%,119,Yes,N/A,Available,N/A,Equipment_Bay_9
RES160,15/03/2024,Equipment,Maintenance,09:00,21:00,80,63%,62,Yes,N/A,Breakdown,N/A,Equipment_Bay_9
RES171,18/03/2024,Vehicle,Customer_Service,21:00,09:00,121,62%,99,Yes,N/A,Available,N/A,Equipment_Bay_9
RES198,16/03/2024,Vehicle,Ground_Handling,13:00,01:00,107,53%,120,Yes,N/A,Available,N/A,Equipment_Bay_9
RES235,16/03/2024,Vehicle,Ground_Handling,22:00,10:00,57,89%,79,Yes,N/A,Available,N/A,Equipment_Bay_9
RES241,14/03/2024,Equipment,Immigration,18:00,06:00,134,57%,73,Yes,N/A,Reserved,N/A,Equipment_Bay_9
RES257,16/03/2024,Vehicle,Maintenance,00:00,12:00,57,68%,132,Yes,N/A,Available,N/A,Equipment_Bay_9
RES283,18/03/2024,Vehicle,Customer_Service,17:00,05:00,102,74%,147,Yes,N/A,Available,N/A,Equipment_Bay_9
RES380,20/03/2024,Equipment,Immigration,12:00,00:00,138,45%,60,Yes,N/A,Breakdown,N/A,Equipment_Bay_9
RES394,19/03/2024,Vehicle,Air_Traffic,21:00,09:00,149,87%,63,Yes,N/A,Available,N/A,Equipment_Bay_9
RES395,16/03/2024,Equipment,Customer_Service,14:00,02:00,115,95%,102,Yes,N/A,Maintenance,N/A,Equipment_Bay_9
RES423,14/03/2024,Vehicle,Air_Traffic,21:00,09:00,114,67%,108,Yes,N/A,Available,N/A,Equipment_Bay_9
RES434,18/03/2024,Vehicle,Maintenance,08:00,20:00,92,46%,84,Yes,N/A,Available,N/A,Equipment_Bay_9
RES452,17/03/2024,Vehicle,Customer_Service,17:00,05:00,90,72%,101,Yes,N/A,Available,N/A,Equipment_Bay_9
RES491,18/03/2024,Equipment,Customer_Service,09:00,21:00,118,68%,120,Yes,N/A,Reserved,N/A,Equipment_Bay_9
RES539,14/03/2024,Equipment,Ground_Handling,04:00,16:00,92,72%,125,Yes,N/A,Breakdown,N/A,Equipment_Bay_9
RES605,16/03/2024,Vehicle,Immigration,17:00,05:00,123,70%,131,Yes,N/A,Available,N/A,Equipment_Bay_9
RES607,15/03/2024,Equipment,Ground_Handling,13:00,01:00,146,77%,57,Yes,N/A,Breakdown,N/A,Equipment_Bay_9
RES622,19/03/2024,Vehicle,Customer_Service,01:00,13:00,63,46%,69,Yes,N/A,Available,N/A,Equipment_Bay_9
RES630,19/03/2024,Equipment,Ground_Handling,02:00,14:00,77,91%,111,Yes,N/A,Maintenance,N/A,Equipment_Bay_9
RES662,18/03/2024,Vehicle,Maintenance,09:00,21:00,106,57%,86,Yes,N/A,Available,N/A,Equipment_Bay_9
RES665,18/03/2024,Equipment,Air_Traffic,06:00,18:00,53,73%,54,Yes,N/A,Reserved,N/A,Equipment_Bay_9
RES712,19/03/2024,Vehicle,Immigration,21:00,09:00,139,83%,118,Yes,N/A,Available,N/A,Equipment_Bay_9
RES716,14/03/2024,Equipment,Ground_Handling,07:00,19:00,68,88%,103,Yes,N/A,Maintenance,N/A,Equipment_Bay_9
RES718,19/03/2024,Vehicle,Ground_Handling,13:00,01:00,147,66%,145,Yes,N/A,Available,N/A,Equipment_Bay_9
RES725,20/03/2024,Vehicle,Ground_Handling,14:00,02:00,71,93%,115,Yes,N/A,Available,N/A,Equipment_Bay_9
RES729,20/03/2024,Vehicle,Immigration,08:00,20:00,51,50%,69,Yes,N/A,Available,N/A,Equipment_Bay_9
RES767,14/03/2024,Vehicle,Security,10:00,22:00,68,56%,87,Yes,N/A,Available,N/A,Equipment_Bay_9
RES773,19/03/2024,Equipment,Ground_Handling,07:00,19:00,88,79%,91,Yes,N/A,Maintenance,N/A,Equipment_Bay_9
RES006,17/03/2024,Gate,Maintenance,22:00,10:00,217,66%,191,Yes,N/A,Available,T2D,Gate_2D_34
RES664,14/03/2024,Gate,Customer_Service,17:00,05:00,228,86%,261,Yes,N/A,Available,T2D,Gate_2D_34
RES007,17/03/2024,Staff,Ground_Handling,11:00,20:00,46,58%,45,Yes,Specialist,Available,T2,Terminal_2_Ground_Handling
RES021,20/03/2024,Staff,Ground_Handling,08:00,18:00,59,90%,58,Yes,Specialist,Available,T2,Terminal_2_Ground_Handling
RES093,14/03/2024,Staff,Ground_Handling,05:00,15:00,20,49%,80,Yes,Junior,Available,T2,Terminal_2_Ground_Handling
RES263,18/03/2024,Staff,Ground_Handling,13:00,00:00,18,55%,75,Yes,Specialist,Available,T2,Terminal_2_Ground_Handling
RES267,15/03/2024,Staff,Ground_Handling,21:00,07:00,50,81%,86,Yes,Supervisor,Available,T2,Terminal_2_Ground_Handling
RES274,17/03/2024,Staff,Ground_Handling,00:00,10:00,54,59%,41,Yes,Specialist,Available,T2,Terminal_2_Ground_Handling
RES352,15/03/2024,Staff,Ground_Handling,07:00,16:00,16,94%,48,Yes,Senior,Available,T2,Terminal_2_Ground_Handling
RES383,15/03/2024,Staff,Ground_Handling,00:00,08:00,30,53%,85,No,Junior,Available,T2,Terminal_2_Ground_Handling
RES445,16/03/2024,Staff,Ground_Handling,10:00,19:00,29,76%,92,Yes,Supervisor,Available,T2,Terminal_2_Ground_Handling
RES472,19/03/2024,Staff,Ground_Handling,04:00,13:00,54,81%,74,Yes,Junior,Available,T2,Terminal_2_Ground_Handling
RES494,17/03/2024,Staff,Ground_Handling,07:00,15:00,35,84%,60,No,Supervisor,Available,T2,Terminal_2_Ground_Handling
RES598,17/03/2024,Staff,Ground_Handling,09:00,18:00,52,56%,76,Yes,Specialist,Available,T2,Terminal_2_Ground_Handling
RES652,20/03/2024,Staff,Ground_Handling,14:00,23:00,24,96%,90,Yes,Junior,Available,T2,Terminal_2_Ground_Handling
RES672,17/03/2024,Staff,Ground_Handling,00:00,08:00,21,69%,69,No,Supervisor,Available,T2,Terminal_2_Ground_Handling
RES694,20/03/2024,Staff,Ground_Handling,00:00,08:00,39,63%,50,No,Senior,Available,T2,Terminal_2_Ground_Handling
RES709,20/03/2024,Staff,Ground_Handling,05:00,13:00,39,61%,90,No,Specialist,Available,T2,Terminal_2_Ground_Handling
RES750,15/03/2024,Staff,Ground_Handling,06:00,16:00,47,66%,86,Yes,Supervisor,Available,T2,Terminal_2_Ground_Handling
RES008,16/03/2024,Equipment,Security,23:00,11:00,91,59%,142,Yes,N/A,Breakdown,N/A,Equipment_Bay_2
RES028,15/03/2024,Vehicle,Customer_Service,23:00,11:00,75,83%,137,Yes,N/A,Available,N/A,Equipment_Bay_2
RES056,16/03/2024,Equipment,Air_Traffic,04:00,16:00,136,95%,55,Yes,N/A,Available,N/A,Equipment_Bay_2
RES077,20/03/2024,Equipment,Security,16:00,04:00,133,52%,114,Yes,N/A,Breakdown,N/A,Equipment_Bay_2
RES132,19/03/2024,Equipment,Maintenance,00:00,12:00,110,80%,135,Yes,N/A,Maintenance,N/A,Equipment_Bay_2
RES135,17/03/2024,Vehicle,Customer_Service,13:00,01:00,123,45%,78,Yes,N/A,Available,N/A,Equipment_Bay_2
RES136,15/03/2024,Equipment,Air_Traffic,21:00,09:00,98,48%,53,Yes,N/A,Breakdown,N/A,Equipment_Bay_2
RES138,16/03/2024,Equipment,Ground_Handling,23:00,11:00,72,85%,56,Yes,N/A,Reserved,N/A,Equipment_Bay_2
RES166,19/03/2024,Equipment,Air_Traffic,22:00,10:00,71,88%,146,Yes,N/A,Available,N/A,Equipment_Bay_2
RES168,17/03/2024,Vehicle,Air_Traffic,00:00,12:00,79,82%,104,Yes,N/A,Available,N/A,Equipment_Bay_2
RES185,17/03/2024,Equipment,Customer_Service,13:00,01:00,144,85%,100,Yes,N/A,Available,N/A,Equipment_Bay_2
RES266,17/03/2024,Vehicle,Maintenance,23:00,11:00,141,80%,88,Yes,N/A,Available,N/A,Equipment_Bay_2
RES285,18/03/2024,Vehicle,Security,05:00,17:00,54,56%,90,Yes,N/A,Available,N/A,Equipment_Bay_2
RES318,15/03/2024,Equipment,Air_Traffic,00:00,12:00,86,65%,99,Yes,N/A,Breakdown,N/A,Equipment_Bay_2
RES327,15/03/2024,Vehicle,Immigration,13:00,01:00,93,82%,50,Yes,N/A,Available,N/A,Equipment_Bay_2
RES345,19/03/2024,Equipment,Ground_Handling,14:00,02:00,143,49%,129,Yes,N/A,Reserved,N/A,Equipment_Bay_2
RES354,17/03/2024,Equipment,Air_Traffic,03:00,15:00,140,55%,86,Yes,N/A,Available,N/A,Equipment_Bay_2
RES396,15/03/2024,Vehicle,Air_Traffic,18:00,06:00,120,54%,75,Yes,N/A,Available,N/A,Equipment_Bay_2
RES400,15/03/2024,Vehicle,Maintenance,02:00,14:00,57,94%,139,Yes,N/A,Available,N/A,Equipment_Bay_2
RES419,15/03/2024,Equipment,Customer_Service,18:00,06:00,105,68%,102,Yes,N/A,Breakdown,N/A,Equipment_Bay_2
RES421,18/03/2024,Equipment,Ground_Handling,13:00,01:00,110,73%,84,Yes,N/A,Reserved,N/A,Equipment_Bay_2
RES454,16/03/2024,Equipment,Air_Traffic,03:00,15:00,127,57%,126,Yes,N/A,Breakdown,N/A,Equipment_Bay_2
RES459,18/03/2024,Equipment,Immigration,07:00,19:00,86,93%,67,Yes,N/A,Available,N/A,Equipment_Bay_2
RES484,19/03/2024,Equipment,Maintenance,15:00,03:00,107,80%,84,Yes,N/A,Reserved,N/A,Equipment_Bay_2
RES512,20/03/2024,Vehicle,Immigration,04:00,16:00,126,78%,139,Yes,N/A,Available,N/A,Equipment_Bay_2
RES513,16/03/2024,Vehicle,Security,01:00,13:00,122,94%,103,Yes,N/A,Available,N/A,Equipment_Bay_2
RES522,15/03/2024,Equipment,Security,19:00,07:00,84,52%,68,Yes,N/A,Maintenance,N/A,Equipment_Bay_2
RES529,18/03/2024,Equipment,Immigration,13:00,01:00,144,50%,90,Yes,N/A,Maintenance,N/A,Equipment_Bay_2
RES530,17/03/2024,Vehicle,Customer_Service,02:00,14:00,81,52%,148,Yes,N/A,Available,N/A,Equipment_Bay_2
RES551,16/03/2024,Equipment,Maintenance,07:00,19:00,60,76%,74,Yes,N/A,Available,N/A,Equipment_Bay_2
RES567,14/03/2024,Equipment,Maintenance,18:00,06:00,138,71%,98,Yes,N/A,Available,N/A,Equipment_Bay_2
RES585,15/03/2024,Equipment,Immigration,15:00,03:00,138,48%,66,Yes,N/A,Available,N/A,Equipment_Bay_2
RES623,15/03/2024,Vehicle,Customer_Service,04:00,16:00,83,64%,88,Yes,N/A,Available,N/A,Equipment_Bay_2
RES653,15/03/2024,Vehicle,Security,15:00,03:00,127,55%,88,Yes,N/A,Available,N/A,Equipment_Bay_2
RES667,16/03/2024,Vehicle,Immigration,19:00,07:00,76,96%,105,Yes,N/A,Available,N/A,Equipment_Bay_2
RES668,18/03/2024,Vehicle,Security,02:00,14:00,79,76%,130,Yes,N/A,Available,N/A,Equipment_Bay_2
RES711,14/03/2024,Vehicle,Air_Traffic,03:00,15:00,84,50%,91,Yes,N/A,Available,N/A,Equipment_Bay_2
RES734,17/03/2024,Equipment,Air_Traffic,18:00,06:00,126,62%,54,Yes,N/A,Maintenance,N/A,Equipment_Bay_2
RES740,16/03/2024,Equipment,Maintenance,01:00,13:00,148,65%,105,Yes,N/A,Maintenance,N/A,Equipment_Bay_2
RES756,20/03/2024,Vehicle,Maintenance,23:00,11:00,113,66%,84,Yes,N/A,Available,N/A,Equipment_Bay_2
RES771,18/03/2024,Vehicle,Customer_Service,20:00,08:00,67,85%,107,Yes,N/A,Available,N/A,Equipment_Bay_2
RES783,19/03/2024,Vehicle,Security,18:00,06:00,76,54%,94,Yes,N/A,Available,N/A,Equipment_Bay_2
RES009,20/03/2024,Staff,Security,07:00,17:00,34,97%,82,Yes,Junior,Available,T2,Terminal_2_Security
RES032,17/03/2024,Staff,Security,12:00,20:00,53,62%,62,No,Specialist,Available,T2,Terminal_2_Security
RES113,15/03/2024,Staff,Security,20:00,05:00,53,73%,68,Yes,Junior,Available,T2,Terminal_2_Security
RES129,19/03/2024,Staff,Security,17:00,03:00,58,53%,27,Yes,Junior,Available,T2,Terminal_2_Security
RES175,20/03/2024,Staff,Security,13:00,21:00,49,87%,34,No,Senior,Available,T2,Terminal_2_Security
RES324,17/03/2024,Staff,Security,03:00,12:00,38,58%,82,Yes,Supervisor,Available,T2,Terminal_2_Security
RES341,18/03/2024,Staff,Security,09:00,19:00,27,65%,28,Yes,Junior,Available,T2,Terminal_2_Security
RES430,19/03/2024,Staff,Security,03:00,14:00,43,54%,49,Yes,Senior,Available,T2,Terminal_2_Security
RES453,18/03/2024,Staff,Security,02:00,12:00,57,54%,98,Yes,Supervisor,Available,T2,Terminal_2_Security
RES473,18/03/2024,Staff,Security,22:00,07:00,21,56%,91,Yes,Supervisor,Available,T2,Terminal_2_Security
RES486,14/03/2024,Staff,Security,19:00,06:00,42,63%,63,Yes,Junior,Available,T2,Terminal_2_Security
RES504,15/03/2024,Staff,Security,09:00,17:00,53,67%,53,No,Supervisor,Available,T2,Terminal_2_Security
RES534,15/03/2024,Staff,Security,22:00,09:00,27,63%,45,Yes,Specialist,Available,T2,Terminal_2_Security
RES558,17/03/2024,Staff,Security,05:00,13:00,34,82%,57,No,Specialist,Available,T2,Terminal_2_Security
RES638,18/03/2024,Staff,Security,09:00,20:00,19,92%,60,Yes,Supervisor,Available,T2,Terminal_2_Security
RES648,18/03/2024,Staff,Security,22:00,06:00,31,93%,27,No,Supervisor,Available,T2,Terminal_2_Security
RES670,14/03/2024,Staff,Security,11:00,22:00,30,79%,38,Yes,Senior,Available,T2,Terminal_2_Security
RES010,14/03/2024,Staff,Air_Traffic,12:00,21:00,43,85%,38,Yes,Specialist,Available,T1,Terminal_1_Air_Traffic
RES047,17/03/2024,Staff,Air_Traffic,11:00,22:00,31,91%,55,Yes,Specialist,Available,T1,Terminal_1_Air_Traffic
RES063,16/03/2024,Staff,Air_Traffic,13:00,21:00,30,84%,90,No,Specialist,Available,T1,Terminal_1_Air_Traffic
RES078,20/03/2024,Staff,Air_Traffic,17:00,02:00,58,55%,56,Yes,Junior,Available,T1,Terminal_1_Air_Traffic
RES107,16/03/2024,Staff,Air_Traffic,00:00,11:00,22,73%,31,Yes,Senior,Available,T1,Terminal_1_Air_Traffic
RES178,15/03/2024,Staff,Air_Traffic,18:00,04:00,52,81%,94,Yes,Supervisor,Available,T1,Terminal_1_Air_Traffic
RES181,19/03/2024,Staff,Air_Traffic,00:00,08:00,47,76%,90,No,Senior,Available,T1,Terminal_1_Air_Traffic
RES207,19/03/2024,Staff,Air_Traffic,23:00,07:00,19,95%,74,No,Specialist,Available,T1,Terminal_1_Air_Traffic
RES351,19/03/2024,Staff,Air_Traffic,11:00,19:00,57,51%,56,No,Specialist,Available,T1,Terminal_1_Air_Traffic
RES375,17/03/2024,Staff,Air_Traffic,02:00,12:00,45,71%,29,Yes,Specialist,Available,T1,Terminal_1_Air_Traffic
RES398,18/03/2024,Staff,Air_Traffic,01:00,09:00,22,54%,37,No,Senior,Available,T1,Terminal_1_Air_Traffic
RES441,15/03/2024,Staff,Air_Traffic,11:00,20:00,59,75%,91,Yes,Junior,Available,T1,Terminal_1_Air_Traffic
RES538,20/03/2024,Staff,Air_Traffic,13:00,23:00,28,97%,69,Yes,Supervisor,Available,T1,Terminal_1_Air_Traffic
RES540,18/03/2024,Staff,Air_Traffic,18:00,02:00,16,71%,37,No,Junior,Available,T1,Terminal_1_Air_Traffic
RES685,17/03/2024,Staff,Air_Traffic,13:00,23:00,42,80%,44,Yes,Supervisor,Available,T1,Terminal_1_Air_Traffic
RES698,19/03/2024,Staff,Air_Traffic,07:00,16:00,35,84%,48,Yes,Specialist,Available,T1,Terminal_1_Air_Traffic
RES720,14/03/2024,Staff,Air_Traffic,00:00,09:00,56,60%,32,Yes,Supervisor,Available,T1,Terminal_1_Air_Traffic
RES797,14/03/2024,Staff,Air_Traffic,15:00,02:00,19,53%,43,Yes,Senior,Available,T1,Terminal_1_Air_Traffic
RES011,19/03/2024,Equipment,Air_Traffic,10:00,22:00,141,86%,141,Yes,N/A,Breakdown,N/A,Equipment_Bay_1
RES017,20/03/2024,Vehicle,Security,18:00,06:00,77,70%,86,Yes,N/A,Available,N/A,Equipment_Bay_1
RES035,17/03/2024,Vehicle,Air_Traffic,13:00,01:00,83,50%,114,Yes,N/A,Available,N/A,Equipment_Bay_1
RES046,17/03/2024,Vehicle,Air_Traffic,18:00,06:00,106,97%,130,Yes,N/A,Available,N/A,Equipment_Bay_1
RES073,16/03/2024,Vehicle,Security,04:00,16:00,108,77%,73,Yes,N/A,Available,N/A,Equipment_Bay_1
RES085,16/03/2024,Vehicle,Ground_Handling,05:00,17:00,97,73%,147,Yes,N/A,Available,N/A,Equipment_Bay_1
RES115,15/03/2024,Vehicle,Ground_Handling,01:00,13:00,68,50%,69,Yes,N/A,Available,N/A,Equipment_Bay_1
RES118,14/03/2024,Vehicle,Maintenance,06:00,18:00,130,49%,114,Yes,N/A,Available,N/A,Equipment_Bay_1
RES142,20/03/2024,Equipment,Ground_Handling,13:00,01:00,82,78%,102,Yes,N/A,Reserved,N/A,Equipment_Bay_1
RES146,16/03/2024,Vehicle,Customer_Service,18:00,06:00,78,51%,90,Yes,N/A,Available,N/A,Equipment_Bay_1
RES163,17/03/2024,Vehicle,Maintenance,04:00,16:00,87,60%,119,Yes,N/A,Available,N/A,Equipment_Bay_1
RES212,17/03/2024,Vehicle,Customer_Service,13:00,01:00,126,89%,70,Yes,N/A,Available,N/A,Equipment_Bay_1
RES219,19/03/2024,Equipment,Customer_Service,15:00,03:00,121,67%,112,Yes,N/A,Breakdown,N/A,Equipment_Bay_1
RES236,19/03/2024,Vehicle,Security,09:00,21:00,136,85%,98,Yes,N/A,Available,N/A,Equipment_Bay_1
RES276,15/03/2024,Equipment,Security,02:00,14:00,67,73%,50,Yes,N/A,Reserved,N/A,Equipment_Bay_1
RES321,14/03/2024,Vehicle,Air_Traffic,00:00,12:00,96,90%,51,Yes,N/A,Available,N/A,Equipment_Bay_1
RES323,14/03/2024,Vehicle,Ground_Handling,16:00,04:00,127,57%,69,Yes,N/A,Available,N/A,Equipment_Bay_1
RES335,19/03/2024,Vehicle,Customer_Service,16:00,04:00,71,73%,101,Yes,N/A,Available,N/A,Equipment_Bay_1
RES342,14/03/2024,Vehicle,Immigration,00:00,12:00,137,59%,57,Yes,N/A,Available,N/A,Equipment_Bay_1
RES348,16/03/2024,Vehicle,Air_Traffic,11:00,23:00,104,70%,66,Yes,N/A,Available,N/A,Equipment_Bay_1
RES350,14/03/2024,Equipment,Maintenance,19:00,07:00,146,96%,83,Yes,N/A,Reserved,N/A,Equipment_Bay_1
RES363,18/03/2024,Equipment,Immigration,01:00,13:00,116,85%,103,Yes,N/A,Breakdown,N/A,Equipment_Bay_1
RES373,20/03/2024,Equipment,Air_Traffic,08:00,20:00,115,52%,84,Yes,N/A,Available,N/A,Equipment_Bay_1
RES376,18/03/2024,Vehicle,Immigration,16:00,04:00,106,86%,87,Yes,N/A,Available,N/A,Equipment_Bay_1
RES496,16/03/2024,Vehicle,Customer_Service,12:00,00:00,81,72%,74,Yes,N/A,Available,N/A,Equipment_Bay_1
RES499,14/03/2024,Equipment,Maintenance,04:00,16:00,70,70%,123,Yes,N/A,Available,N/A,Equipment_Bay_1
RES566,19/03/2024,Equipment,Maintenance,00:00,12:00,95,96%,87,Yes,N/A,Reserved,N/A,Equipment_Bay_1
RES568,14/03/2024,Equipment,Customer_Service,18:00,06:00,108,55%,61,Yes,N/A,Maintenance,N/A,Equipment_Bay_1
RES614,18/03/2024,Vehicle,Customer_Service,03:00,15:00,88,70%,56,Yes,N/A,Available,N/A,Equipment_Bay_1
RES635,14/03/2024,Vehicle,Customer_Service,13:00,01:00,105,51%,80,Yes,N/A,Available,N/A,Equipment_Bay_1
RES671,14/03/2024,Vehicle,Security,06:00,18:00,135,63%,67,Yes,N/A,Available,N/A,Equipment_Bay_1
RES684,16/03/2024,Equipment,Air_Traffic,23:00,11:00,123,67%,62,Yes,N/A,Reserved,N/A,Equipment_Bay_1
RES719,18/03/2024,Vehicle,Security,04:00,16:00,76,93%,83,Yes,N/A,Available,N/A,Equipment_Bay_1
RES727,17/03/2024,Vehicle,Customer_Service,13:00,01:00,55,92%,101,Yes,N/A,Available,N/A,Equipment_Bay_1
RES747,18/03/2024,Equipment,Immigration,07:00,19:00,135,71%,98,Yes,N/A,Available,N/A,Equipment_Bay_1
RES776,19/03/2024,Vehicle,Maintenance,09:00,21:00,108,75%,75,Yes,N/A,Available,N/A,Equipment_Bay_1
RES799,19/03/2024,Vehicle,Immigration,08:00,20:00,138,82%,87,Yes,N/A,Available,N/A,Equipment_Bay_1
RES012,15/03/2024,Equipment,Immigration,14:00,02:00,90,68%,122,Yes,N/A,Breakdown,N/A,Equipment_Bay_5
RES015,14/03/2024,Vehicle,Immigration,22:00,10:00,106,64%,53,Yes,N/A,Available,N/A,Equipment_Bay_5
RES027,14/03/2024,Equipment,Customer_Service,01:00,13:00,139,49%,56,Yes,N/A,Reserved,N/A,Equipment_Bay_5
RES082,17/03/2024,Equipment,Air_Traffic,17:00,05:00,92,64%,134,Yes,N/A,Reserved,N/A,Equipment_Bay_5
RES109,19/03/2024,Vehicle,Immigration,15:00,03:00,63,85%,71,Yes,N/A,Available,N/A,Equipment_Bay_5
RES117,15/03/2024,Equipment,Air_Traffic,03:00,15:00,148,62%,65,Yes,N/A,Breakdown,N/A,Equipment_Bay_5
RES156,20/03/2024,Vehicle,Customer_Service,01:00,13:00,74,70%,149,Yes,N/A,Available,N/A,Equipment_Bay_5
RES191,18/03/2024,Vehicle,Maintenance,23:00,11:00,143,88%,111,Yes,N/A,Available,N/A,Equipment_Bay_5
RES221,19/03/2024,Vehicle,Maintenance,07:00,19:00,51,62%,79,Yes,N/A,Available,N/A,Equipment_Bay_5
RES237,15/03/2024,Equipment,Immigration,20:00,08:00,119,76%,64,Yes,N/A,Reserved,N/A,Equipment_Bay_5
RES252,19/03/2024,Vehicle,Maintenance,05:00,17:00,95,77%,92,Yes,N/A,Available,N/A,Equipment_Bay_5
RES256,20/03/2024,Equipment,Maintenance,20:00,08:00,95,72%,125,Yes,N/A,Breakdown,N/A,Equipment_Bay_5
RES277,17/03/2024,Vehicle,Security,06:00,18:00,148,97%,94,Yes,N/A,Available,N/A,Equipment_Bay_5
RES278,14/03/2024,Vehicle,Ground_Handling,02:00,14:00,52,64%,89,Yes,N/A,Available,N/A,Equipment_Bay_5
RES280,14/03/2024,Equipment,Maintenance,08:00,20:00,112,94%,98,Yes,N/A,Available,N/A,Equipment_Bay_5
RES293,20/03/2024,Vehicle,Immigration,13:00,01:00,70,49%,117,Yes,N/A,Available,N/A,Equipment_Bay_5
RES308,18/03/2024,Equipment,Security,11:00,23:00,65,69%,58,Yes,N/A,Breakdown,N/A,Equipment_Bay_5
RES310,14/03/2024,Vehicle,Security,00:00,12:00,129,60%,128,Yes,N/A,Available,N/A,Equipment_Bay_5
RES349,17/03/2024,Vehicle,Maintenance,21:00,09:00,56,96%,95,Yes,N/A,Available,N/A,Equipment_Bay_5
RES364,20/03/2024,Equipment,Security,21:00,09:00,133,67%,94,Yes,N/A,Maintenance,N/A,Equipment_Bay_5
RES367,16/03/2024,Equipment,Customer_Service,06:00,18:00,96,71%,66,Yes,N/A,Breakdown,N/A,Equipment_Bay_5
RES403,17/03/2024,Vehicle,Air_Traffic,22:00,10:00,67,88%,139,Yes,N/A,Available,N/A,Equipment_Bay_5
RES405,18/03/2024,Equipment,Immigration,18:00,06:00,149,53%,108,Yes,N/A,Breakdown,N/A,Equipment_Bay_5
RES417,14/03/2024,Equipment,Security,23:00,11:00,115,60%,91,Yes,N/A,Breakdown,N/A,Equipment_Bay_5
RES429,20/03/2024,Vehicle,Customer_Service,21:00,09:00,144,62%,136,Yes,N/A,Available,N/A,Equipment_Bay_5
RES440,17/03/2024,Vehicle,Security,02:00,14:00,63,66%,76,Yes,N/A,Available,N/A,Equipment_Bay_5
RES500,16/03/2024,Vehicle,Air_Traffic,03:00,15:00,124,58%,51,Yes,N/A,Available,N/A,Equipment_Bay_5
RES511,17/03/2024,Equipment,Ground_Handling,01:00,13:00,55,46%,96,Yes,N/A,Available,N/A,Equipment_Bay_5
RES541,18/03/2024,Equipment,Maintenance,20:00,08:00,131,63%,134,Yes,N/A,Reserved,N/A,Equipment_Bay_5
RES560,15/03/2024,Vehicle,Ground_Handling,23:00,11:00,129,53%,125,Yes,N/A,Available,N/A,Equipment_Bay_5
RES576,15/03/2024,Vehicle,Customer_Service,15:00,03:00,58,95%,100,Yes,N/A,Available,N/A,Equipment_Bay_5
RES587,17/03/2024,Equipment,Customer_Service,02:00,14:00,126,70%,105,Yes,N/A,Reserved,N/A,Equipment_Bay_5
RES624,20/03/2024,Vehicle,Immigration,02:00,14:00,101,96%,88,Yes,N/A,Available,N/A,Equipment_Bay_5
RES703,14/03/2024,Equipment,Air_Traffic,06:00,18:00,78,48%,51,Yes,N/A,Maintenance,N/A,Equipment_Bay_5
RES732,19/03/2024,Equipment,Immigration,05:00,17:00,94,72%,146,Yes,N/A,Breakdown,N/A,Equipment_Bay_5
RES749,17/03/2024,Equipment,Air_Traffic,12:00,00:00,115,95%,106,Yes,N/A,Breakdown,N/A,Equipment_Bay_5
RES751,17/03/2024,Vehicle,Air_Traffic,14:00,02:00,70,77%,79,Yes,N/A,Available,N/A,Equipment_Bay_5
RES772,17/03/2024,Equipment,Security,23:00,11:00,78,65%,62,Yes,N/A,Maintenance,N/A,Equipment_Bay_5
RES780,19/03/2024,Vehicle,Immigration,09:00,21:00,60,95%,146,Yes,N/A,Available,N/A,Equipment_Bay_5
RES013,19/03/2024,Gate,Air_Traffic,20:00,08:00,232,84%,286,Yes,N/A,Available,T2F,Gate_2F_11
RES794,14/03/2024,Gate,Maintenance,17:00,05:00,363,77%,269,Yes,N/A,Available,T2F,Gate_2F_11
RES014,17/03/2024,Vehicle,Security,04:00,16:00,90,66%,57,Yes,N/A,Available,N/A,Equipment_Bay_6
RES019,16/03/2024,Vehicle,Air_Traffic,13:00,01:00,62,73%,89,Yes,N/A,Available,N/A,Equipment_Bay_6
RES034,17/03/2024,Vehicle,Ground_Handling,03:00,15:00,57,84%,119,Yes,N/A,Available,N/A,Equipment_Bay_6
RES050,17/03/2024,Vehicle,Air_Traffic,19:00,07:00,90,92%,120,Yes,N/A,Available,N/A,Equipment_Bay_6
RES061,14/03/2024,Equipment,Maintenance,03:00,15:00,123,79%,135,Yes,N/A,Reserved,N/A,Equipment_Bay_6
RES062,19/03/2024,Vehicle,Immigration,23:00,11:00,60,93%,72,Yes,N/A,Available,N/A,Equipment_Bay_6
RES072,15/03/2024,Vehicle,Ground_Handling,10:00,22:00,137,91%,92,Yes,N/A,Available,N/A,Equipment_Bay_6
RES144,18/03/2024,Equipment,Customer_Service,22:00,10:00,116,88%,111,Yes,N/A,Breakdown,N/A,Equipment_Bay_6
RES149,20/03/2024,Equipment,Maintenance,05:00,17:00,55,75%,85,Yes,N/A,Breakdown,N/A,Equipment_Bay_6
RES150,17/03/2024,Equipment,Maintenance,21:00,09:00,108,64%,93,Yes,N/A,Maintenance,N/A,Equipment_Bay_6
RES169,17/03/2024,Equipment,Maintenance,18:00,06:00,75,59%,148,Yes,N/A,Maintenance,N/A,Equipment_Bay_6
RES182,17/03/2024,Equipment,Security,22:00,10:00,61,48%,107,Yes,N/A,Available,N/A,Equipment_Bay_6
RES183,15/03/2024,Equipment,Maintenance,01:00,13:00,120,57%,129,Yes,N/A,Available,N/A,Equipment_Bay_6
RES188,18/03/2024,Vehicle,Air_Traffic,17:00,05:00,115,82%,98,Yes,N/A,Available,N/A,Equipment_Bay_6
RES202,18/03/2024,Vehicle,Immigration,16:00,04:00,62,56%,105,Yes,N/A,Available,N/A,Equipment_Bay_6
RES208,16/03/2024,Vehicle,Customer_Service,07:00,19:00,144,84%,86,Yes,N/A,Available,N/A,Equipment_Bay_6
RES229,14/03/2024,Equipment,Immigration,14:00,02:00,125,90%,65,Yes,N/A,Maintenance,N/A,Equipment_Bay_6
RES239,18/03/2024,Equipment,Security,16:00,04:00,84,92%,103,Yes,N/A,Maintenance,N/A,Equipment_Bay_6
RES265,18/03/2024,Vehicle,Security,16:00,04:00,146,68%,68,Yes,N/A,Available,N/A,Equipment_Bay_6
RES315,16/03/2024,Equipment,Customer_Service,07:00,19:00,83,71%,129,Yes,N/A,Available,N/A,Equipment_Bay_6
RES320,16/03/2024,Equipment,Customer_Service,08:00,20:00,149,94%,71,Yes,N/A,Available,N/A,Equipment_Bay_6
RES332,17/03/2024,Equipment,Customer_Service,04:00,16:00,116,84%,121,Yes,N/A,Available,N/A,Equipment_Bay_6
RES337,16/03/2024,Vehicle,Security,01:00,13:00,79,92%,100,Yes,N/A,Available,N/A,Equipment_Bay_6
RES346,14/03/2024,Equipment,Ground_Handling,13:00,01:00,72,71%,110,Yes,N/A,Reserved,N/A,Equipment_Bay_6
RES416,15/03/2024,Equipment,Customer_Service,06:00,18:00,100,56%,79,Yes,N/A,Breakdown,N/A,Equipment_Bay_6
RES435,15/03/2024,Equipment,Maintenance,15:00,03:00,58,50%,59,Yes,N/A,Available,N/A,Equipment_Bay_6
RES468,19/03/2024,Equipment,Customer_Service,12:00,00:00,119,92%,147,Yes,N/A,Reserved,N/A,Equipment_Bay_6
RES490,17/03/2024,Vehicle,Immigration,23:00,11:00,83,45%,116,Yes,N/A,Available,N/A,Equipment_Bay_6
RES577,14/03/2024,Equipment,Maintenance,03:00,15:00,57,68%,142,Yes,N/A,Maintenance,N/A,Equipment_Bay_6
RES581,17/03/2024,Equipment,Customer_Service,14:00,02:00,108,94%,102,Yes,N/A,Available,N/A,Equipment_Bay_6
RES629,16/03/2024,Equipment,Security,21:00,09:00,107,84%,125,Yes,N/A,Reserved,N/A,Equipment_Bay_6
RES632,15/03/2024,Vehicle,Security,08:00,20:00,75,46%,50,Yes,N/A,Available,N/A,Equipment_Bay_6
RES633,16/03/2024,Vehicle,Customer_Service,10:00,22:00,78,51%,131,Yes,N/A,Available,N/A,Equipment_Bay_6
RES634,17/03/2024,Equipment,Ground_Handling,06:00,18:00,82,91%,133,Yes,N/A,Breakdown,N/A,Equipment_Bay_6
RES640,19/03/2024,Vehicle,Ground_Handling,03:00,15:00,82,86%,141,Yes,N/A,Available,N/A,Equipment_Bay_6
RES679,20/03/2024,Equipment,Immigration,05:00,17:00,78,52%,54,Yes,N/A,Available,N/A,Equipment_Bay_6
RES687,17/03/2024,Vehicle,Customer_Service,22:00,10:00,120,57%,95,Yes,N/A,Available,N/A,Equipment_Bay_6
RES765,18/03/2024,Equipment,Security,04:00,16:00,140,71%,62,Yes,N/A,Maintenance,N/A,Equipment_Bay_6
RES016,19/03/2024,Vehicle,Ground_Handling,07:00,19:00,70,48%,61,Yes,N/A,Available,N/A,Equipment_Bay_2
RES084,17/03/2024,Vehicle,Security,21:00,09:00,80,93%,74,Yes,N/A,Available,N/A,Equipment_Bay_4
RES018,16/03/2024,Vehicle,Immigration,12:00,00:00,56,65%,104,Yes,N/A,Available,N/A,Equipment_Bay_3
RES037,14/03/2024,Vehicle,Security,13:00,01:00,78,45%,55,Yes,N/A,Available,N/A,Equipment_Bay_3
RES083,18/03/2024,Vehicle,Air_Traffic,21:00,09:00,69,85%,74,Yes,N/A,Available,N/A,Equipment_Bay_3
RES134,17/03/2024,Equipment,Security,15:00,03:00,83,70%,102,Yes,N/A,Reserved,N/A,Equipment_Bay_3
RES154,19/03/2024,Equipment,Maintenance,05:00,17:00,61,45%,53,Yes,N/A,Reserved,N/A,Equipment_Bay_3
RES228,20/03/2024,Equipment,Security,13:00,01:00,103,62%,139,Yes,N/A,Maintenance,N/A,Equipment_Bay_3
RES254,16/03/2024,Equipment,Security,19:00,07:00,92,58%,138,Yes,N/A,Reserved,N/A,Equipment_Bay_3
RES295,18/03/2024,Vehicle,Immigration,00:00,12:00,80,73%,79,Yes,N/A,Available,N/A,Equipment_Bay_3
RES302,15/03/2024,Equipment,Maintenance,13:00,01:00,121,59%,146,Yes,N/A,Available,N/A,Equipment_Bay_3
RES307,14/03/2024,Equipment,Air_Traffic,04:00,16:00,59,78%,88,Yes,N/A,Maintenance,N/A,Equipment_Bay_3
RES328,16/03/2024,Vehicle,Air_Traffic,19:00,07:00,80,47%,128,Yes,N/A,Available,N/A,Equipment_Bay_3
RES361,16/03/2024,Vehicle,Maintenance,22:00,10:00,92,45%,90,Yes,N/A,Available,N/A,Equipment_Bay_3
RES389,20/03/2024,Vehicle,Air_Traffic,05:00,17:00,92,65%,75,Yes,N/A,Available,N/A,Equipment_Bay_3
RES410,16/03/2024,Vehicle,Customer_Service,01:00,13:00,63,85%,95,Yes,N/A,Available,N/A,Equipment_Bay_3
RES432,20/03/2024,Vehicle,Maintenance,15:00,03:00,135,58%,109,Yes,N/A,Available,N/A,Equipment_Bay_3
RES436,20/03/2024,Vehicle,Security,08:00,20:00,139,54%,73,Yes,N/A,Available,N/A,Equipment_Bay_3
RES439,18/03/2024,Equipment,Immigration,11:00,23:00,88,86%,87,Yes,N/A,Breakdown,N/A,Equipment_Bay_3
RES444,16/03/2024,Vehicle,Immigration,21:00,09:00,98,68%,60,Yes,N/A,Available,N/A,Equipment_Bay_3
RES461,15/03/2024,Equipment,Maintenance,21:00,09:00,60,82%,142,Yes,N/A,Reserved,N/A,Equipment_Bay_3
RES466,18/03/2024,Vehicle,Customer_Service,10:00,22:00,95,58%,65,Yes,N/A,Available,N/A,Equipment_Bay_3
RES477,17/03/2024,Equipment,Immigration,16:00,04:00,105,71%,66,Yes,N/A,Breakdown,N/A,Equipment_Bay_3
RES523,20/03/2024,Equipment,Immigration,21:00,09:00,95,55%,56,Yes,N/A,Reserved,N/A,Equipment_Bay_3
RES525,17/03/2024,Vehicle,Maintenance,21:00,09:00,108,50%,54,Yes,N/A,Available,N/A,Equipment_Bay_3
RES542,20/03/2024,Vehicle,Maintenance,12:00,00:00,79,62%,81,Yes,N/A,Available,N/A,Equipment_Bay_3
RES579,17/03/2024,Vehicle,Maintenance,15:00,03:00,75,89%,117,Yes,N/A,Available,N/A,Equipment_Bay_3
RES645,17/03/2024,Vehicle,Immigration,00:00,12:00,127,53%,85,Yes,N/A,Available,N/A,Equipment_Bay_3
RES661,17/03/2024,Vehicle,Maintenance,17:00,05:00,54,80%,145,Yes,N/A,Available,N/A,Equipment_Bay_3
RES680,17/03/2024,Vehicle,Air_Traffic,20:00,08:00,125,88%,134,Yes,N/A,Available,N/A,Equipment_Bay_3
RES697,15/03/2024,Vehicle,Immigration,05:00,17:00,60,64%,135,Yes,N/A,Available,N/A,Equipment_Bay_3
RES721,15/03/2024,Equipment,Immigration,19:00,07:00,78,50%,132,Yes,N/A,Breakdown,N/A,Equipment_Bay_3
RES745,16/03/2024,Equipment,Immigration,21:00,09:00,144,72%,125,Yes,N/A,Breakdown,N/A,Equipment_Bay_3
RES760,15/03/2024,Equipment,Immigration,10:00,22:00,95,59%,72,Yes,N/A,Available,N/A,Equipment_Bay_3
RES784,16/03/2024,Vehicle,Customer_Service,17:00,05:00,80,48%,83,Yes,N/A,Available,N/A,Equipment_Bay_3
RES020,14/03/2024,Gate,Air_Traffic,13:00,01:00,331,88%,155,Yes,N/A,Available,T2C,Gate_2C_21
RES270,20/03/2024,Gate,Customer_Service,20:00,08:00,259,66%,101,Yes,N/A,Available,T2C,Gate_2C_21
RES596,14/03/2024,Gate,Immigration,20:00,08:00,151,73%,210,Yes,N/A,Available,T2C,Gate_2C_21
RES022,15/03/2024,Staff,Ground_Handling,16:00,00:00,54,77%,84,No,Senior,Available,T3,Terminal_3_Ground_Handling
RES088,14/03/2024,Staff,Ground_Handling,18:00,04:00,15,66%,58,Yes,Supervisor,Available,T3,Terminal_3_Ground_Handling
RES099,14/03/2024,Staff,Ground_Handling,15:00,02:00,45,48%,73,Yes,Junior,Available,T3,Terminal_3_Ground_Handling
RES141,18/03/2024,Staff,Ground_Handling,00:00,08:00,49,77%,61,No,Supervisor,Available,T3,Terminal_3_Ground_Handling
RES176,20/03/2024,Staff,Ground_Handling,20:00,07:00,26,53%,56,Yes,Supervisor,Available,T3,Terminal_3_Ground_Handling
RES339,14/03/2024,Staff,Ground_Handling,16:00,02:00,31,53%,58,Yes,Specialist,Available,T3,Terminal_3_Ground_Handling
RES411,20/03/2024,Staff,Ground_Handling,23:00,10:00,29,91%,52,Yes,Specialist,Available,T3,Terminal_3_Ground_Handling
RES458,16/03/2024,Staff,Ground_Handling,11:00,19:00,29,51%,48,No,Specialist,Available,T3,Terminal_3_Ground_Handling
RES580,16/03/2024,Staff,Ground_Handling,16:00,00:00,30,71%,53,No,Senior,Available,T3,Terminal_3_Ground_Handling
RES689,15/03/2024,Staff,Ground_Handling,18:00,03:00,43,64%,38,Yes,Senior,Available,T3,Terminal_3_Ground_Handling
RES701,14/03/2024,Staff,Ground_Handling,14:00,23:00,51,81%,48,Yes,Junior,Available,T3,Terminal_3_Ground_Handling
RES717,15/03/2024,Staff,Ground_Handling,12:00,21:00,42,89%,48,Yes,Specialist,Available,T3,Terminal_3_Ground_Handling
RES730,16/03/2024,Staff,Ground_Handling,16:00,03:00,20,81%,81,Yes,Junior,Available,T3,Terminal_3_Ground_Handling
RES023,15/03/2024,Vehicle,Maintenance,11:00,23:00,122,47%,71,Yes,N/A,Available,N/A,Equipment_Bay_10
RES024,15/03/2024,Equipment,Air_Traffic,06:00,18:00,91,62%,126,Yes,N/A,Available,N/A,Equipment_Bay_10
RES031,17/03/2024,Equipment,Maintenance,17:00,05:00,75,76%,58,Yes,N/A,Available,N/A,Equipment_Bay_10
RES042,16/03/2024,Equipment,Air_Traffic,00:00,12:00,72,59%,69,Yes,N/A,Maintenance,N/A,Equipment_Bay_10
RES080,15/03/2024,Equipment,Immigration,02:00,14:00,139,45%,105,Yes,N/A,Reserved,N/A,Equipment_Bay_10
RES091,18/03/2024,Equipment,Maintenance,03:00,15:00,78,95%,144,Yes,N/A,Breakdown,N/A,Equipment_Bay_10
RES096,20/03/2024,Vehicle,Air_Traffic,01:00,13:00,67,55%,147,Yes,N/A,Available,N/A,Equipment_Bay_10
RES110,14/03/2024,Equipment,Maintenance,10:00,22:00,70,68%,89,Yes,N/A,Reserved,N/A,Equipment_Bay_10
RES151,15/03/2024,Equipment,Air_Traffic,09:00,21:00,137,97%,104,Yes,N/A,Available,N/A,Equipment_Bay_10
RES164,17/03/2024,Vehicle,Maintenance,14:00,02:00,80,47%,127,Yes,N/A,Available,N/A,Equipment_Bay_10
RES205,17/03/2024,Vehicle,Maintenance,09:00,21:00,117,61%,142,Yes,N/A,Available,N/A,Equipment_Bay_10
RES248,16/03/2024,Equipment,Immigration,02:00,14:00,61,91%,103,Yes,N/A,Breakdown,N/A,Equipment_Bay_10
RES289,20/03/2024,Equipment,Maintenance,17:00,05:00,147,79%,67,Yes,N/A,Maintenance,N/A,Equipment_Bay_10
RES292,19/03/2024,Vehicle,Customer_Service,02:00,14:00,123,94%,63,Yes,N/A,Available,N/A,Equipment_Bay_10
RES309,15/03/2024,Equipment,Ground_Handling,10:00,22:00,90,46%,97,Yes,N/A,Available,N/A,Equipment_Bay_10
RES314,16/03/2024,Equipment,Air_Traffic,22:00,10:00,106,75%,63,Yes,N/A,Reserved,N/A,Equipment_Bay_10
RES334,16/03/2024,Vehicle,Maintenance,12:00,00:00,81,71%,85,Yes,N/A,Available,N/A,Equipment_Bay_10
RES344,19/03/2024,Equipment,Ground_Handling,16:00,04:00,143,83%,60,Yes,N/A,Reserved,N/A,Equipment_Bay_10
RES365,20/03/2024,Equipment,Maintenance,15:00,03:00,74,80%,65,Yes,N/A,Breakdown,N/A,Equipment_Bay_10
RES378,19/03/2024,Vehicle,Immigration,07:00,19:00,127,68%,114,Yes,N/A,Available,N/A,Equipment_Bay_10
RES402,14/03/2024,Vehicle,Immigration,19:00,07:00,145,79%,128,Yes,N/A,Available,N/A,Equipment_Bay_10
RES425,19/03/2024,Vehicle,Maintenance,17:00,05:00,93,79%,135,Yes,N/A,Available,N/A,Equipment_Bay_10
RES431,19/03/2024,Equipment,Customer_Service,14:00,02:00,115,61%,142,Yes,N/A,Reserved,N/A,Equipment_Bay_10
RES451,14/03/2024,Vehicle,Air_Traffic,01:00,13:00,84,59%,131,Yes,N/A,Available,N/A,Equipment_Bay_10
RES517,15/03/2024,Equipment,Air_Traffic,17:00,05:00,145,49%,100,Yes,N/A,Reserved,N/A,Equipment_Bay_10
RES544,18/03/2024,Equipment,Ground_Handling,20:00,08:00,70,62%,71,Yes,N/A,Reserved,N/A,Equipment_Bay_10
RES550,15/03/2024,Vehicle,Maintenance,04:00,16:00,78,70%,95,Yes,N/A,Available,N/A,Equipment_Bay_10
RES563,17/03/2024,Equipment,Immigration,00:00,12:00,92,50%,142,Yes,N/A,Available,N/A,Equipment_Bay_10
RES571,20/03/2024,Equipment,Immigration,02:00,14:00,79,91%,96,Yes,N/A,Breakdown,N/A,Equipment_Bay_10
RES584,18/03/2024,Equipment,Maintenance,00:00,12:00,105,60%,125,Yes,N/A,Available,N/A,Equipment_Bay_10
RES606,18/03/2024,Equipment,Immigration,05:00,17:00,123,84%,138,Yes,N/A,Reserved,N/A,Equipment_Bay_10
RES641,14/03/2024,Equipment,Air_Traffic,04:00,16:00,146,70%,69,Yes,N/A,Reserved,N/A,Equipment_Bay_10
RES655,17/03/2024,Vehicle,Air_Traffic,23:00,11:00,135,82%,53,Yes,N/A,Available,N/A,Equipment_Bay_10
RES683,17/03/2024,Equipment,Immigration,09:00,21:00,113,50%,127,Yes,N/A,Breakdown,N/A,Equipment_Bay_10
RES690,18/03/2024,Vehicle,Security,23:00,11:00,86,64%,119,Yes,N/A,Available,N/A,Equipment_Bay_10
RES748,15/03/2024,Equipment,Maintenance,19:00,07:00,65,69%,116,Yes,N/A,Breakdown,N/A,Equipment_Bay_10
RES752,15/03/2024,Equipment,Customer_Service,21:00,09:00,75,69%,63,Yes,N/A,Available,N/A,Equipment_Bay_10
RES757,17/03/2024,Vehicle,Ground_Handling,05:00,17:00,82,87%,59,Yes,N/A,Available,N/A,Equipment_Bay_10
RES778,18/03/2024,Vehicle,Security,09:00,21:00,105,78%,76,Yes,N/A,Available,N/A,Equipment_Bay_10
RES029,17/03/2024,Gate,Immigration,06:00,18:00,368,58%,121,Yes,N/A,Available,T1,Gate_1_11
RES546,20/03/2024,Gate,Air_Traffic,12:00,00:00,438,90%,144,Yes,N/A,Available,T1,Gate_1_11
RES030,19/03/2024,Gate,Ground_Handling,11:00,23:00,257,69%,137,Yes,N/A,Available,T2D,Gate_2D_13
RES033,18/03/2024,Gate,Air_Traffic,06:00,18:00,418,97%,191,Yes,N/A,Available,T2B,Gate_2B_37
RES036,14/03/2024,Staff,Ground_Handling,03:00,11:00,32,54%,54,No,Supervisor,Available,T1,Terminal_1_Ground_Handling
RES067,18/03/2024,Staff,Ground_Handling,18:00,05:00,35,60%,74,Yes,Senior,Available,T1,Terminal_1_Ground_Handling
RES094,16/03/2024,Staff,Ground_Handling,03:00,14:00,55,84%,75,Yes,Supervisor,Available,T1,Terminal_1_Ground_Handling
RES100,16/03/2024,Staff,Ground_Handling,19:00,03:00,29,88%,39,No,Specialist,Available,T1,Terminal_1_Ground_Handling
RES112,15/03/2024,Staff,Ground_Handling,15:00,23:00,26,77%,33,No,Supervisor,Available,T1,Terminal_1_Ground_Handling
RES210,18/03/2024,Staff,Ground_Handling,01:00,10:00,29,96%,74,Yes,Junior,Available,T1,Terminal_1_Ground_Handling
RES553,19/03/2024,Staff,Ground_Handling,21:00,08:00,19,80%,61,Yes,Junior,Available,T1,Terminal_1_Ground_Handling
RES599,19/03/2024,Staff,Ground_Handling,00:00,08:00,27,72%,83,No,Specialist,Available,T1,Terminal_1_Ground_Handling
RES693,16/03/2024,Staff,Ground_Handling,01:00,11:00,51,50%,84,Yes,Junior,Available,T1,Terminal_1_Ground_Handling
RES038,16/03/2024,Staff,Customer_Service,01:00,10:00,16,56%,65,Yes,Specialist,Available,T1,Terminal_1_Customer_Service
RES103,19/03/2024,Staff,Customer_Service,18:00,02:00,50,55%,70,No,Supervisor,Available,T1,Terminal_1_Customer_Service
RES120,19/03/2024,Staff,Customer_Service,08:00,19:00,59,73%,86,Yes,Junior,Available,T1,Terminal_1_Customer_Service
RES225,15/03/2024,Staff,Customer_Service,21:00,07:00,54,93%,65,Yes,Specialist,Available,T1,Terminal_1_Customer_Service
RES322,19/03/2024,Staff,Customer_Service,06:00,14:00,54,50%,61,No,Junior,Available,T1,Terminal_1_Customer_Service
RES356,15/03/2024,Staff,Customer_Service,15:00,01:00,52,49%,46,Yes,Specialist,Available,T1,Terminal_1_Customer_Service
RES393,14/03/2024,Staff,Customer_Service,10:00,19:00,34,86%,79,Yes,Junior,Available,T1,Terminal_1_Customer_Service
RES426,18/03/2024,Staff,Customer_Service,20:00,04:00,49,87%,49,No,Senior,Available,T1,Terminal_1_Customer_Service
RES470,17/03/2024,Staff,Customer_Service,01:00,12:00,34,57%,71,Yes,Supervisor,Available,T1,Terminal_1_Customer_Service
RES479,19/03/2024,Staff,Customer_Service,18:00,05:00,43,79%,47,Yes,Junior,Available,T1,Terminal_1_Customer_Service
RES498,18/03/2024,Staff,Customer_Service,00:00,08:00,24,79%,52,No,Supervisor,Available,T1,Terminal_1_Customer_Service
RES508,15/03/2024,Staff,Customer_Service,12:00,23:00,20,95%,73,Yes,Specialist,Available,T1,Terminal_1_Customer_Service
RES575,17/03/2024,Staff,Customer_Service,04:00,15:00,20,53%,31,Yes,Specialist,Available,T1,Terminal_1_Customer_Service
RES646,17/03/2024,Staff,Customer_Service,16:00,02:00,49,63%,47,Yes,Supervisor,Available,T1,Terminal_1_Customer_Service
RES677,14/03/2024,Staff,Customer_Service,20:00,07:00,21,59%,48,Yes,Junior,Available,T1,Terminal_1_Customer_Service
RES702,19/03/2024,Staff,Customer_Service,10:00,18:00,24,60%,33,No,Senior,Available,T1,Terminal_1_Customer_Service
RES737,19/03/2024,Staff,Customer_Service,08:00,19:00,41,70%,68,Yes,Supervisor,Available,T1,Terminal_1_Customer_Service
RES753,20/03/2024,Staff,Customer_Service,23:00,10:00,22,95%,69,Yes,Senior,Available,T1,Terminal_1_Customer_Service
RES796,16/03/2024,Staff,Customer_Service,02:00,11:00,23,68%,53,Yes,Specialist,Available,T1,Terminal_1_Customer_Service
RES039,20/03/2024,Staff,Customer_Service,17:00,03:00,58,57%,37,Yes,Specialist,Available,T3,Terminal_3_Customer_Service
RES070,16/03/2024,Staff,Customer_Service,03:00,13:00,31,66%,48,Yes,Senior,Available,T3,Terminal_3_Customer_Service
RES128,17/03/2024,Staff,Customer_Service,13:00,22:00,26,53%,87,Yes,Supervisor,Available,T3,Terminal_3_Customer_Service
RES130,17/03/2024,Staff,Customer_Service,09:00,18:00,48,80%,78,Yes,Supervisor,Available,T3,Terminal_3_Customer_Service
RES258,16/03/2024,Staff,Customer_Service,20:00,07:00,38,86%,71,Yes,Specialist,Available,T3,Terminal_3_Customer_Service
RES264,17/03/2024,Staff,Customer_Service,01:00,10:00,37,75%,28,Yes,Senior,Available,T3,Terminal_3_Customer_Service
RES291,18/03/2024,Staff,Customer_Service,17:00,02:00,51,70%,25,Yes,Specialist,Available,T3,Terminal_3_Customer_Service
RES370,16/03/2024,Staff,Customer_Service,10:00,20:00,47,92%,79,Yes,Junior,Available,T3,Terminal_3_Customer_Service
RES509,15/03/2024,Staff,Customer_Service,16:00,01:00,52,82%,94,Yes,Supervisor,Available,T3,Terminal_3_Customer_Service
RES533,20/03/2024,Staff,Customer_Service,22:00,08:00,33,92%,31,Yes,Specialist,Available,T3,Terminal_3_Customer_Service
RES565,16/03/2024,Staff,Customer_Service,23:00,09:00,16,49%,76,Yes,Specialist,Available,T3,Terminal_3_Customer_Service
RES625,19/03/2024,Staff,Customer_Service,16:00,00:00,55,66%,29,No,Junior,Available,T3,Terminal_3_Customer_Service
RES782,14/03/2024,Staff,Customer_Service,02:00,13:00,55,54%,33,Yes,Senior,Available,T3,Terminal_3_Customer_Service
RES792,20/03/2024,Staff,Customer_Service,04:00,12:00,53,80%,74,No,Specialist,Available,T3,Terminal_3_Customer_Service
RES043,18/03/2024,Equipment,Security,02:00,14:00,138,59%,127,Yes,N/A,Reserved,N/A,Equipment_Bay_4
RES058,16/03/2024,Vehicle,Security,08:00,20:00,146,74%,103,Yes,N/A,Available,N/A,Equipment_Bay_4
RES059,17/03/2024,Vehicle,Ground_Handling,17:00,05:00,102,46%,105,Yes,N/A,Available,N/A,Equipment_Bay_4
RES074,18/03/2024,Equipment,Ground_Handling,05:00,17:00,135,69%,76,Yes,N/A,Available,N/A,Equipment_Bay_4
RES075,17/03/2024,Vehicle,Immigration,08:00,20:00,93,89%,79,Yes,N/A,Available,N/A,Equipment_Bay_4
RES114,16/03/2024,Vehicle,Security,05:00,17:00,118,88%,53,Yes,N/A,Available,N/A,Equipment_Bay_4
RES121,18/03/2024,Vehicle,Immigration,10:00,22:00,146,57%,101,Yes,N/A,Available,N/A,Equipment_Bay_4
RES123,20/03/2024,Equipment,Customer_Service,21:00,09:00,106,67%,107,Yes,N/A,Reserved,N/A,Equipment_Bay_4
RES137,19/03/2024,Vehicle,Air_Traffic,22:00,10:00,110,93%,145,Yes,N/A,Available,N/A,Equipment_Bay_4
RES153,19/03/2024,Equipment,Immigration,07:00,19:00,140,76%,89,Yes,N/A,Available,N/A,Equipment_Bay_4
RES170,20/03/2024,Vehicle,Immigration,08:00,20:00,52,48%,72,Yes,N/A,Available,N/A,Equipment_Bay_4
RES173,16/03/2024,Vehicle,Security,00:00,12:00,107,60%,64,Yes,N/A,Available,N/A,Equipment_Bay_4
RES209,18/03/2024,Vehicle,Ground_Handling,02:00,14:00,56,84%,134,Yes,N/A,Available,N/A,Equipment_Bay_4
RES211,15/03/2024,Equipment,Air_Traffic,14:00,02:00,58,65%,66,Yes,N/A,Reserved,N/A,Equipment_Bay_4
RES213,15/03/2024,Vehicle,Air_Traffic,09:00,21:00,55,54%,144,Yes,N/A,Available,N/A,Equipment_Bay_4
RES220,20/03/2024,Equipment,Maintenance,22:00,10:00,79,82%,130,Yes,N/A,Reserved,N/A,Equipment_Bay_4
RES242,14/03/2024,Vehicle,Ground_Handling,02:00,14:00,98,91%,106,Yes,N/A,Available,N/A,Equipment_Bay_4
RES245,20/03/2024,Equipment,Immigration,08:00,20:00,70,75%,148,Yes,N/A,Breakdown,N/A,Equipment_Bay_4
RES246,14/03/2024,Vehicle,Maintenance,13:00,01:00,57,58%,64,Yes,N/A,Available,N/A,Equipment_Bay_4
RES250,17/03/2024,Equipment,Security,01:00,13:00,89,57%,110,Yes,N/A,Available,N/A,Equipment_Bay_4
RES260,19/03/2024,Equipment,Air_Traffic,20:00,08:00,66,92%,137,Yes,N/A,Available,N/A,Equipment_Bay_4
RES262,16/03/2024,Vehicle,Ground_Handling,20:00,08:00,96,65%,110,Yes,N/A,Available,N/A,Equipment_Bay_4
RES282,14/03/2024,Equipment,Security,09:00,21:00,121,77%,60,Yes,N/A,Maintenance,N/A,Equipment_Bay_4
RES286,20/03/2024,Equipment,Customer_Service,08:00,20:00,139,62%,143,Yes,N/A,Maintenance,N/A,Equipment_Bay_4
RES297,17/03/2024,Equipment,Security,19:00,07:00,76,51%,97,Yes,N/A,Reserved,N/A,Equipment_Bay_4
RES305,20/03/2024,Equipment,Air_Traffic,10:00,22:00,109,96%,80,Yes,N/A,Maintenance,N/A,Equipment_Bay_4
RES418,16/03/2024,Vehicle,Customer_Service,08:00,20:00,148,70%,65,Yes,N/A,Available,N/A,Equipment_Bay_4
RES437,14/03/2024,Vehicle,Air_Traffic,05:00,17:00,126,69%,77,Yes,N/A,Available,N/A,Equipment_Bay_4
RES449,15/03/2024,Equipment,Ground_Handling,04:00,16:00,69,61%,72,Yes,N/A,Maintenance,N/A,Equipment_Bay_4
RES456,14/03/2024,Vehicle,Air_Traffic,22:00,10:00,74,89%,135,Yes,N/A,Available,N/A,Equipment_Bay_4
RES482,16/03/2024,Equipment,Maintenance,12:00,00:00,114,59%,100,Yes,N/A,Breakdown,N/A,Equipment_Bay_4
RES488,17/03/2024,Equipment,Immigration,18:00,06:00,101,92%,136,Yes,N/A,Reserved,N/A,Equipment_Bay_4
RES505,20/03/2024,Vehicle,Security,06:00,18:00,119,71%,100,Yes,N/A,Available,N/A,Equipment_Bay_4
RES506,14/03/2024,Vehicle,Air_Traffic,13:00,01:00,132,46%,130,Yes,N/A,Available,N/A,Equipment_Bay_4
RES514,18/03/2024,Vehicle,Customer_Service,18:00,06:00,106,81%,50,Yes,N/A,Available,N/A,Equipment_Bay_4
RES548,18/03/2024,Equipment,Air_Traffic,12:00,00:00,104,84%,71,Yes,N/A,Maintenance,N/A,Equipment_Bay_4
RES557,19/03/2024,Vehicle,Air_Traffic,22:00,10:00,92,91%,96,Yes,N/A,Available,N/A,Equipment_Bay_4
RES569,17/03/2024,Equipment,Maintenance,11:00,23:00,102,52%,116,Yes,N/A,Maintenance,N/A,Equipment_Bay_4
RES572,18/03/2024,Vehicle,Air_Traffic,07:00,19:00,66,81%,111,Yes,N/A,Available,N/A,Equipment_Bay_4
RES588,14/03/2024,Equipment,Air_Traffic,00:00,12:00,70,88%,94,Yes,N/A,Reserved,N/A,Equipment_Bay_4
RES589,15/03/2024,Equipment,Customer_Service,16:00,04:00,94,47%,80,Yes,N/A,Maintenance,N/A,Equipment_Bay_4
RES613,14/03/2024,Vehicle,Customer_Service,18:00,06:00,98,64%,140,Yes,N/A,Available,N/A,Equipment_Bay_4
RES627,20/03/2024,Vehicle,Maintenance,23:00,11:00,71,64%,56,Yes,N/A,Available,N/A,Equipment_Bay_4
RES644,15/03/2024,Vehicle,Ground_Handling,22:00,10:00,138,87%,116,Yes,N/A,Available,N/A,Equipment_Bay_4
RES650,17/03/2024,Vehicle,Customer_Service,15:00,03:00,77,62%,127,Yes,N/A,Available,N/A,Equipment_Bay_4
RES674,16/03/2024,Equipment,Customer_Service,01:00,13:00,133,47%,138,Yes,N/A,Breakdown,N/A,Equipment_Bay_4
RES682,14/03/2024,Vehicle,Customer_Service,10:00,22:00,134,58%,76,Yes,N/A,Available,N/A,Equipment_Bay_4
RES723,16/03/2024,Equipment,Air_Traffic,03:00,15:00,149,48%,101,Yes,N/A,Reserved,N/A,Equipment_Bay_4
RES726,17/03/2024,Equipment,Ground_Handling,20:00,08:00,62,92%,115,Yes,N/A,Maintenance,N/A,Equipment_Bay_4
RES044,17/03/2024,Gate,Security,09:00,21:00,446,81%,278,Yes,N/A,Available,T2A,Gate_2A_40
RES045,17/03/2024,Staff,Air_Traffic,02:00,10:00,42,72%,83,No,Senior,Available,T3,Terminal_3_Air_Traffic
RES049,15/03/2024,Staff,Air_Traffic,19:00,03:00,40,48%,32,No,Specialist,Available,T3,Terminal_3_Air_Traffic
RES126,18/03/2024,Staff,Air_Traffic,00:00,10:00,34,69%,78,Yes,Supervisor,Available,T3,Terminal_3_Air_Traffic
RES140,14/03/2024,Staff,Air_Traffic,23:00,10:00,35,81%,54,Yes,Supervisor,Available,T3,Terminal_3_Air_Traffic
RES152,15/03/2024,Staff,Air_Traffic,08:00,18:00,17,66%,40,Yes,Specialist,Available,T3,Terminal_3_Air_Traffic
RES162,17/03/2024,Staff,Air_Traffic,10:00,20:00,40,64%,88,Yes,Supervisor,Available,T3,Terminal_3_Air_Traffic
RES199,19/03/2024,Staff,Air_Traffic,09:00,18:00,35,54%,40,Yes,Specialist,Available,T3,Terminal_3_Air_Traffic
RES200,16/03/2024,Staff,Air_Traffic,15:00,23:00,46,46%,51,No,Supervisor,Available,T3,Terminal_3_Air_Traffic
RES218,14/03/2024,Staff,Air_Traffic,06:00,14:00,53,91%,50,No,Senior,Available,T3,Terminal_3_Air_Traffic
RES233,14/03/2024,Staff,Air_Traffic,15:00,01:00,34,97%,69,Yes,Senior,Available,T3,Terminal_3_Air_Traffic
RES406,19/03/2024,Staff,Air_Traffic,06:00,17:00,53,96%,62,Yes,Specialist,Available,T3,Terminal_3_Air_Traffic
RES427,16/03/2024,Staff,Air_Traffic,13:00,22:00,58,87%,87,Yes,Junior,Available,T3,Terminal_3_Air_Traffic
RES448,18/03/2024,Staff,Air_Traffic,15:00,02:00,25,95%,34,Yes,Supervisor,Available,T3,Terminal_3_Air_Traffic
RES463,15/03/2024,Staff,Air_Traffic,06:00,17:00,57,45%,44,Yes,Specialist,Available,T3,Terminal_3_Air_Traffic
RES497,18/03/2024,Staff,Air_Traffic,08:00,17:00,24,70%,68,Yes,Specialist,Available,T3,Terminal_3_Air_Traffic
RES559,15/03/2024,Staff,Air_Traffic,22:00,07:00,18,53%,47,Yes,Junior,Available,T3,Terminal_3_Air_Traffic
RES789,14/03/2024,Staff,Air_Traffic,03:00,12:00,18,84%,48,Yes,Senior,Available,T3,Terminal_3_Air_Traffic
RES048,14/03/2024,Gate,Customer_Service,11:00,23:00,296,77%,162,Yes,N/A,Available,T2D,Gate_2D_10
RES051,17/03/2024,Staff,Customer_Service,18:00,03:00,19,79%,36,Yes,Specialist,Available,T2,Terminal_2_Customer_Service
RES069,18/03/2024,Staff,Customer_Service,01:00,12:00,40,52%,31,Yes,Supervisor,Available,T2,Terminal_2_Customer_Service
RES092,16/03/2024,Staff,Customer_Service,21:00,07:00,27,73%,68,Yes,Senior,Available,T2,Terminal_2_Customer_Service
RES287,20/03/2024,Staff,Customer_Service,19:00,06:00,28,78%,31,Yes,Junior,Available,T2,Terminal_2_Customer_Service
RES355,19/03/2024,Staff,Customer_Service,20:00,04:00,55,49%,77,No,Senior,Available,T2,Terminal_2_Customer_Service
RES379,20/03/2024,Staff,Customer_Service,00:00,10:00,40,63%,99,Yes,Supervisor,Available,T2,Terminal_2_Customer_Service
RES471,17/03/2024,Staff,Customer_Service,15:00,23:00,16,85%,78,No,Junior,Available,T2,Terminal_2_Customer_Service
RES597,20/03/2024,Staff,Customer_Service,22:00,09:00,32,51%,56,Yes,Specialist,Available,T2,Terminal_2_Customer_Service
RES639,20/03/2024,Staff,Customer_Service,12:00,22:00,38,57%,75,Yes,Junior,Available,T2,Terminal_2_Customer_Service
RES695,17/03/2024,Staff,Customer_Service,11:00,19:00,46,59%,48,No,Junior,Available,T2,Terminal_2_Customer_Service
RES754,20/03/2024,Staff,Customer_Service,19:00,05:00,51,72%,89,Yes,Junior,Available,T2,Terminal_2_Customer_Service
RES786,17/03/2024,Staff,Customer_Service,05:00,15:00,34,57%,95,Yes,Supervisor,Available,T2,Terminal_2_Customer_Service
RES793,14/03/2024,Staff,Customer_Service,07:00,18:00,30,47%,32,Yes,Senior,Available,T2,Terminal_2_Customer_Service
RES052,14/03/2024,Gate,Ground_Handling,07:00,19:00,471,78%,210,Yes,N/A,Available,T2A,Gate_2A_17
RES731,18/03/2024,Gate,Immigration,13:00,01:00,267,92%,283,Yes,N/A,Available,T2A,Gate_2A_17
RES053,15/03/2024,Staff,Maintenance,04:00,15:00,30,65%,69,Yes,Specialist,Available,T3,Terminal_3_Maintenance
RES090,20/03/2024,Staff,Maintenance,06:00,17:00,36,80%,93,Yes,Supervisor,Available,T3,Terminal_3_Maintenance
RES101,15/03/2024,Staff,Maintenance,23:00,09:00,52,62%,55,Yes,Specialist,Available,T3,Terminal_3_Maintenance
RES224,16/03/2024,Staff,Maintenance,03:00,11:00,31,89%,82,No,Specialist,Available,T3,Terminal_3_Maintenance
RES269,18/03/2024,Staff,Maintenance,10:00,21:00,44,46%,93,Yes,Specialist,Available,T3,Terminal_3_Maintenance
RES343,16/03/2024,Staff,Maintenance,10:00,21:00,19,61%,47,Yes,Specialist,Available,T3,Terminal_3_Maintenance
RES384,14/03/2024,Staff,Maintenance,05:00,16:00,22,47%,91,Yes,Specialist,Available,T3,Terminal_3_Maintenance
RES586,17/03/2024,Staff,Maintenance,04:00,13:00,41,61%,33,Yes,Senior,Available,T3,Terminal_3_Maintenance
RES612,19/03/2024,Staff,Maintenance,00:00,10:00,45,63%,87,Yes,Specialist,Available,T3,Terminal_3_Maintenance
RES774,20/03/2024,Staff,Maintenance,23:00,08:00,28,79%,64,Yes,Supervisor,Available,T3,Terminal_3_Maintenance
RES057,15/03/2024,Gate,Air_Traffic,08:00,20:00,466,79%,193,Yes,N/A,Available,T2D,Gate_2D_12
RES064,16/03/2024,Gate,Ground_Handling,11:00,23:00,368,61%,172,Yes,N/A,Available,T2C,Gate_2C_19
RES071,20/03/2024,Equipment,Ground_Handling,19:00,07:00,112,82%,93,Yes,N/A,Reserved,N/A,Equipment_Bay_7
RES098,14/03/2024,Equipment,Air_Traffic,05:00,17:00,82,94%,67,Yes,N/A,Available,N/A,Equipment_Bay_7
RES180,17/03/2024,Equipment,Security,14:00,02:00,81,52%,71,Yes,N/A,Breakdown,N/A,Equipment_Bay_7
RES194,15/03/2024,Vehicle,Maintenance,12:00,00:00,69,77%,129,Yes,N/A,Available,N/A,Equipment_Bay_7
RES197,15/03/2024,Equipment,Maintenance,14:00,02:00,104,59%,114,Yes,N/A,Maintenance,N/A,Equipment_Bay_7
RES230,20/03/2024,Vehicle,Maintenance,10:00,22:00,80,60%,88,Yes,N/A,Available,N/A,Equipment_Bay_7
RES247,18/03/2024,Equipment,Immigration,22:00,10:00,86,46%,106,Yes,N/A,Maintenance,N/A,Equipment_Bay_7
RES294,17/03/2024,Vehicle,Maintenance,03:00,15:00,82,81%,50,Yes,N/A,Available,N/A,Equipment_Bay_7
RES326,20/03/2024,Vehicle,Customer_Service,04:00,16:00,130,91%,77,Yes,N/A,Available,N/A,Equipment_Bay_7
RES330,20/03/2024,Equipment,Air_Traffic,09:00,21:00,125,80%,139,Yes,N/A,Maintenance,N/A,Equipment_Bay_7
RES360,19/03/2024,Vehicle,Customer_Service,13:00,01:00,89,51%,130,Yes,N/A,Available,N/A,Equipment_Bay_7
RES371,14/03/2024,Vehicle,Ground_Handling,05:00,17:00,91,60%,145,Yes,N/A,Available,N/A,Equipment_Bay_7
RES372,16/03/2024,Equipment,Ground_Handling,23:00,11:00,63,69%,102,Yes,N/A,Maintenance,N/A,Equipment_Bay_7
RES401,19/03/2024,Vehicle,Air_Traffic,00:00,12:00,149,86%,111,Yes,N/A,Available,N/A,Equipment_Bay_7
RES404,20/03/2024,Equipment,Air_Traffic,01:00,13:00,142,93%,129,Yes,N/A,Maintenance,N/A,Equipment_Bay_7
RES442,14/03/2024,Vehicle,Security,07:00,19:00,130,62%,59,Yes,N/A,Available,N/A,Equipment_Bay_7
RES457,20/03/2024,Equipment,Ground_Handling,01:00,13:00,65,63%,142,Yes,N/A,Reserved,N/A,Equipment_Bay_7
RES532,16/03/2024,Equipment,Immigration,17:00,05:00,70,81%,67,Yes,N/A,Reserved,N/A,Equipment_Bay_7
RES543,18/03/2024,Equipment,Air_Traffic,08:00,20:00,64,46%,134,Yes,N/A,Maintenance,N/A,Equipment_Bay_7
RES554,16/03/2024,Equipment,Customer_Service,12:00,00:00,101,91%,59,Yes,N/A,Available,N/A,Equipment_Bay_7
RES561,15/03/2024,Equipment,Ground_Handling,18:00,06:00,84,77%,115,Yes,N/A,Breakdown,N/A,Equipment_Bay_7
RES573,16/03/2024,Equipment,Maintenance,15:00,03:00,80,45%,62,Yes,N/A,Reserved,N/A,Equipment_Bay_7
RES578,19/03/2024,Equipment,Air_Traffic,15:00,03:00,141,95%,126,Yes,N/A,Maintenance,N/A,Equipment_Bay_7
RES582,17/03/2024,Equipment,Maintenance,05:00,17:00,55,57%,69,Yes,N/A,Reserved,N/A,Equipment_Bay_7
RES616,17/03/2024,Equipment,Customer_Service,05:00,17:00,129,57%,74,Yes,N/A,Reserved,N/A,Equipment_Bay_7
RES619,19/03/2024,Equipment,Customer_Service,12:00,00:00,118,76%,71,Yes,N/A,Breakdown,N/A,Equipment_Bay_7
RES621,18/03/2024,Vehicle,Ground_Handling,08:00,20:00,149,51%,87,Yes,N/A,Available,N/A,Equipment_Bay_7
RES628,16/03/2024,Equipment,Immigration,18:00,06:00,113,82%,94,Yes,N/A,Available,N/A,Equipment_Bay_7
RES657,15/03/2024,Equipment,Immigration,00:00,12:00,103,87%,99,Yes,N/A,Reserved,N/A,Equipment_Bay_7
RES708,18/03/2024,Equipment,Ground_Handling,02:00,14:00,125,81%,135,Yes,N/A,Reserved,N/A,Equipment_Bay_7
RES714,20/03/2024,Vehicle,Customer_Service,14:00,02:00,147,85%,117,Yes,N/A,Available,N/A,Equipment_Bay_7
RES728,17/03/2024,Vehicle,Security,08:00,20:00,82,89%,95,Yes,N/A,Available,N/A,Equipment_Bay_7
RES759,14/03/2024,Vehicle,Air_Traffic,12:00,00:00,61,88%,130,Yes,N/A,Available,N/A,Equipment_Bay_7
RES769,14/03/2024,Vehicle,Immigration,08:00,20:00,134,61%,145,Yes,N/A,Available,N/A,Equipment_Bay_7
RES791,17/03/2024,Equipment,Ground_Handling,08:00,20:00,97,47%,74,Yes,N/A,Maintenance,N/A,Equipment_Bay_7
RES798,19/03/2024,Equipment,Immigration,22:00,10:00,85,90%,139,Yes,N/A,Reserved,N/A,Equipment_Bay_7
RES076,14/03/2024,Gate,Air_Traffic,20:00,08:00,200,59%,103,Yes,N/A,Available,T2B,Gate_2B_46
RES385,14/03/2024,Gate,Air_Traffic,18:00,06:00,397,90%,106,Yes,N/A,Available,T2B,Gate_2B_46
RES079,17/03/2024,Gate,Customer_Service,09:00,21:00,155,54%,117,Yes,N/A,Available,T1,Gate_1_12
RES700,18/03/2024,Gate,Security,21:00,09:00,256,58%,226,Yes,N/A,Available,T1,Gate_1_12
RES081,19/03/2024,Gate,Air_Traffic,07:00,19:00,461,72%,214,Yes,N/A,Available,T2B,Gate_2B_48
RES699,16/03/2024,Gate,Air_Traffic,19:00,07:00,280,79%,192,Yes,N/A,Available,T2B,Gate_2B_48
RES087,20/03/2024,Gate,Maintenance,21:00,09:00,396,59%,210,Yes,N/A,Available,T2C,Gate_2C_23
RES089,17/03/2024,Staff,Air_Traffic,19:00,03:00,47,81%,96,No,Supervisor,Available,T2,Terminal_2_Air_Traffic
RES124,18/03/2024,Staff,Air_Traffic,06:00,15:00,30,94%,95,Yes,Senior,Available,T2,Terminal_2_Air_Traffic
RES157,19/03/2024,Staff,Air_Traffic,13:00,21:00,57,45%,79,No,Supervisor,Available,T2,Terminal_2_Air_Traffic
RES244,14/03/2024,Staff,Air_Traffic,09:00,19:00,34,70%,65,Yes,Junior,Available,T2,Terminal_2_Air_Traffic
RES369,19/03/2024,Staff,Air_Traffic,12:00,22:00,51,56%,76,Yes,Supervisor,Available,T2,Terminal_2_Air_Traffic
RES377,16/03/2024,Staff,Air_Traffic,22:00,06:00,24,64%,45,No,Supervisor,Available,T2,Terminal_2_Air_Traffic
RES390,19/03/2024,Staff,Air_Traffic,18:00,02:00,50,96%,40,No,Senior,Available,T2,Terminal_2_Air_Traffic
RES535,14/03/2024,Staff,Air_Traffic,21:00,05:00,56,80%,48,No,Specialist,Available,T2,Terminal_2_Air_Traffic
RES537,16/03/2024,Staff,Air_Traffic,11:00,19:00,46,71%,68,No,Junior,Available,T2,Terminal_2_Air_Traffic
RES549,18/03/2024,Staff,Air_Traffic,13:00,21:00,25,82%,56,No,Senior,Available,T2,Terminal_2_Air_Traffic
RES707,16/03/2024,Staff,Air_Traffic,13:00,00:00,41,58%,73,Yes,Supervisor,Available,T2,Terminal_2_Air_Traffic
RES095,15/03/2024,Gate,Customer_Service,14:00,02:00,218,54%,154,Yes,N/A,Available,T2A,Gate_2A_19
RES097,18/03/2024,Gate,Ground_Handling,08:00,20:00,272,74%,206,Yes,N/A,Available,T2D,Gate_2D_41
RES102,17/03/2024,Gate,Customer_Service,09:00,21:00,418,58%,266,Yes,N/A,Available,T2B,Gate_2B_15
RES133,20/03/2024,Gate,Maintenance,19:00,07:00,291,66%,293,Yes,N/A,Available,T2B,Gate_2B_15
RES527,17/03/2024,Gate,Immigration,06:00,18:00,248,72%,118,Yes,N/A,Available,T2B,Gate_2B_15
RES104,20/03/2024,Gate,Security,11:00,23:00,196,83%,299,Yes,N/A,Available,T2D,Gate_2D_23
RES105,15/03/2024,Gate,Air_Traffic,20:00,08:00,269,57%,117,Yes,N/A,Available,T1,Gate_1_50
RES106,19/03/2024,Gate,Ground_Handling,01:00,13:00,482,46%,218,Yes,N/A,Available,T2F,Gate_2F_19
RES111,18/03/2024,Staff,Security,10:00,18:00,49,45%,40,No,Supervisor,Available,T3,Terminal_3_Security
RES227,17/03/2024,Staff,Security,16:00,02:00,55,76%,93,Yes,Supervisor,Available,T3,Terminal_3_Security
RES231,17/03/2024,Staff,Security,00:00,08:00,44,50%,90,No,Specialist,Available,T1,Terminal_3_Security
RES312,17/03/2024,Staff,Security,10:00,20:00,24,91%,41,Yes,Supervisor,Available,T2,Terminal_3_Security
RES374,15/03/2024,Staff,Security,08:00,19:00,52,48%,73,Yes,Supervisor,Available,T3,Terminal_3_Security
RES763,14/03/2024,Staff,Security,18:00,05:00,21,51%,36,Yes,Senior,Available,T3,Terminal_3_Security
RES785,18/03/2024,Staff,Security,08:00,19:00,44,74%,29,Yes,Supervisor,Available,T1,Terminal_3_Security
RES116,17/03/2024,Gate,Ground_Handling,01:00,13:00,293,71%,290,Yes,N/A,Available,T2A,Gate_2A_18
RES119,14/03/2024,Staff,Security,19:00,04:00,59,63%,52,Yes,Junior,Available,T1,Terminal_1_Security
RES206,15/03/2024,Staff,Security,04:00,14:00,45,59%,44,Yes,Junior,Available,T2,Terminal_1_Security
RES290,17/03/2024,Staff,Security,18:00,02:00,42,54%,92,No,Supervisor,Available,T3,Terminal_1_Security
RES347,16/03/2024,Staff,Security,02:00,12:00,16,87%,65,Yes,Senior,Available,T1,Terminal_1_Security
RES353,18/03/2024,Staff,Security,21:00,06:00,36,49%,84,Yes,Supervisor,Available,T1,Terminal_1_Security
RES359,17/03/2024,Staff,Security,12:00,23:00,40,83%,46,Yes,Specialist,Available,T2,Terminal_1_Security
RES388,18/03/2024,Staff,Security,14:00,01:00,54,49%,97,Yes,Supervisor,Available,T3,Terminal_1_Security
RES460,14/03/2024,Staff,Security,05:00,14:00,16,66%,27,Yes,Supervisor,Available,T1,Terminal_1_Security
RES476,18/03/2024,Staff,Security,08:00,16:00,33,61%,85,No,Junior,Available,T1,Terminal_1_Security
RES722,19/03/2024,Staff,Security,07:00,18:00,34,85%,38,Yes,Junior,Available,T2,Terminal_1_Security
RES768,19/03/2024,Staff,Security,10:00,19:00,20,57%,74,Yes,Senior,Available,T3,Terminal_1_Security
RES122,19/03/2024,Gate,Maintenance,21:00,09:00,487,81%,134,Yes,N/A,Available,T2B,Gate_2B_11
RES692,19/03/2024,Gate,Immigration,13:00,01:00,340,50%,166,Yes,N/A,Available,T2B,Gate_2B_11
RES125,16/03/2024,Gate,Ground_Handling,18:00,06:00,259,78%,244,Yes,N/A,Available,T1,Gate_1_9
RES306,16/03/2024,Gate,Ground_Handling,15:00,03:00,150,84%,111,Yes,N/A,Available,T1,Gate_1_9
RES131,20/03/2024,Gate,Immigration,19:00,07:00,381,80%,106,Yes,N/A,Available,T2A,Gate_2A_36
RES145,20/03/2024,Gate,Air_Traffic,18:00,06:00,221,56%,145,Yes,N/A,Available,T2C,Gate_2C_32
RES148,18/03/2024,Gate,Air_Traffic,04:00,16:00,256,71%,234,Yes,N/A,Available,T3,Gate_3_44
RES336,18/03/2024,Gate,Security,15:00,03:00,325,52%,109,Yes,N/A,Available,T3,Gate_3_44
RES155,16/03/2024,Gate,Immigration,23:00,11:00,154,58%,267,Yes,N/A,Available,T1,Gate_1_10
RES503,15/03/2024,Gate,Security,17:00,05:00,292,52%,195,Yes,N/A,Available,T1,Gate_1_10
RES562,20/03/2024,Gate,Immigration,20:00,08:00,479,60%,151,Yes,N/A,Available,T1,Gate_1_10
RES159,17/03/2024,Staff,Immigration,19:00,03:00,47,88%,62,No,Junior,Available,T2,Terminal_2_Immigration
RES325,20/03/2024,Staff,Immigration,06:00,14:00,50,49%,71,No,Senior,Available,T2,Terminal_2_Immigration
RES333,15/03/2024,Staff,Immigration,23:00,09:00,24,66%,52,Yes,Supervisor,Available,T2,Terminal_2_Immigration
RES673,18/03/2024,Staff,Immigration,08:00,18:00,39,46%,25,Yes,Junior,Available,T2,Terminal_2_Immigration
RES755,14/03/2024,Staff,Immigration,00:00,11:00,33,83%,53,Yes,Junior,Available,T2,Terminal_2_Immigration
RES770,19/03/2024,Staff,Immigration,05:00,15:00,33,49%,30,Yes,Senior,Available,T2,Terminal_2_Immigration
RES161,14/03/2024,Gate,Air_Traffic,13:00,01:00,368,49%,260,Yes,N/A,Available,T3,Gate_3_38
RES165,16/03/2024,Gate,Ground_Handling,15:00,03:00,340,59%,236,Yes,N/A,Available,T2D,Gate_2D_32
RES167,15/03/2024,Gate,Immigration,14:00,02:00,489,53%,198,Yes,N/A,Available,T1,Gate_1_37
RES172,18/03/2024,Staff,Maintenance,19:00,06:00,23,55%,73,Yes,Specialist,Available,T1,Terminal_1_Maintenance
RES203,16/03/2024,Staff,Maintenance,07:00,15:00,29,87%,44,No,Junior,Available,T1,Terminal_1_Maintenance
RES469,19/03/2024,Staff,Maintenance,06:00,15:00,54,54%,86,Yes,Junior,Available,T1,Terminal_1_Maintenance
RES516,19/03/2024,Staff,Maintenance,11:00,21:00,35,46%,34,Yes,Specialist,Available,T1,Terminal_1_Maintenance
RES603,20/03/2024,Staff,Maintenance,09:00,18:00,47,68%,46,Yes,Specialist,Available,T1,Terminal_1_Maintenance
RES642,18/03/2024,Staff,Maintenance,23:00,09:00,23,72%,66,Yes,Senior,Available,T1,Terminal_1_Maintenance
RES660,14/03/2024,Staff,Maintenance,05:00,13:00,41,73%,57,No,Specialist,Available,T1,Terminal_1_Maintenance
RES706,16/03/2024,Staff,Maintenance,16:00,03:00,17,75%,71,Yes,Supervisor,Available,T1,Terminal_1_Maintenance
RES710,16/03/2024,Staff,Maintenance,21:00,08:00,52,49%,60,Yes,Supervisor,Available,T1,Terminal_1_Maintenance
RES174,19/03/2024,Gate,Ground_Handling,19:00,07:00,309,58%,295,Yes,N/A,Available,T2D,Gate_2D_8
RES177,19/03/2024,Gate,Air_Traffic,15:00,03:00,274,52%,227,Yes,N/A,Available,T2A,Gate_2A_23
RES179,19/03/2024,Gate,Customer_Service,22:00,10:00,456,62%,178,Yes,N/A,Available,T2B,Gate_2B_24
RES186,20/03/2024,Gate,Immigration,17:00,05:00,227,91%,150,Yes,N/A,Available,T2C,Gate_2C_41
RES187,19/03/2024,Gate,Air_Traffic,01:00,13:00,283,84%,290,Yes,N/A,Available,T2B,Gate_2B_31
RES189,15/03/2024,Gate,Maintenance,20:00,08:00,227,80%,185,Yes,N/A,Available,T2A,Gate_2A_42
RES190,14/03/2024,Gate,Air_Traffic,10:00,22:00,464,67%,104,Yes,N/A,Available,T2C,Gate_2C_3
RES192,19/03/2024,Gate,Maintenance,11:00,23:00,360,81%,245,Yes,N/A,Available,T1,Gate_1_2
RES195,17/03/2024,Gate,Customer_Service,07:00,19:00,151,60%,238,Yes,N/A,Available,T3,Gate_3_16
RES196,15/03/2024,Gate,Immigration,04:00,16:00,264,64%,171,Yes,N/A,Available,T2B,Gate_2B_5
RES204,18/03/2024,Gate,Immigration,15:00,03:00,404,63%,285,Yes,N/A,Available,T3,Gate_3_30
RES214,17/03/2024,Gate,Customer_Service,07:00,19:00,362,62%,279,Yes,N/A,Available,T2B,Gate_2B_34
RES215,15/03/2024,Gate,Security,10:00,22:00,168,50%,164,Yes,N/A,Available,T2D,Gate_2D_33
RES766,17/03/2024,Gate,Security,07:00,19:00,355,59%,143,Yes,N/A,Available,T2D,Gate_2D_33
RES217,17/03/2024,Gate,Customer_Service,12:00,00:00,225,97%,140,Yes,N/A,Available,T2A,Gate_2A_24
RES222,20/03/2024,Staff,Immigration,09:00,20:00,55,53%,39,Yes,Senior,Available,T1,Terminal_1_Immigration
RES238,20/03/2024,Staff,Immigration,12:00,20:00,59,81%,75,No,Junior,Available,T2,Terminal_1_Immigration
RES253,14/03/2024,Staff,Immigration,19:00,06:00,42,80%,62,Yes,Senior,Available,T3,Terminal_1_Immigration
RES272,15/03/2024,Staff,Immigration,13:00,23:00,22,58%,70,Yes,Supervisor,Available,T1,Terminal_1_Immigration
RES399,18/03/2024,Staff,Immigration,17:00,02:00,41,66%,80,Yes,Specialist,Available,T1,Terminal_1_Immigration
RES485,16/03/2024,Staff,Immigration,12:00,23:00,53,76%,63,Yes,Supervisor,Available,T2,Terminal_1_Immigration
RES519,16/03/2024,Staff,Immigration,02:00,12:00,17,74%,95,Yes,Supervisor,Available,T3,Terminal_1_Immigration
RES669,19/03/2024,Staff,Immigration,06:00,14:00,27,57%,48,No,Senior,Available,T1,Terminal_1_Immigration
RES223,20/03/2024,Gate,Ground_Handling,06:00,18:00,345,48%,124,Yes,N/A,Available,T2A,Gate_2A_30
RES779,17/03/2024,Gate,Immigration,07:00,19:00,218,51%,140,Yes,N/A,Available,T2A,Gate_2A_30
RES234,18/03/2024,Gate,Ground_Handling,12:00,00:00,303,61%,219,Yes,N/A,Available,T2B,Gate_2B_28
RES243,16/03/2024,Gate,Ground_Handling,03:00,15:00,471,45%,244,Yes,N/A,Available,T3,Gate_3_27
RES249,15/03/2024,Gate,Immigration,07:00,19:00,449,53%,140,Yes,N/A,Available,T2B,Gate_2B_6
RES251,16/03/2024,Gate,Security,20:00,08:00,306,67%,144,Yes,N/A,Available,T1,Gate_1_49
RES255,20/03/2024,Gate,Air_Traffic,21:00,09:00,184,70%,192,Yes,N/A,Available,T2E,Gate_2E_39
RES259,14/03/2024,Gate,Maintenance,04:00,16:00,400,85%,178,Yes,N/A,Available,T1,Gate_1_22
RES261,18/03/2024,Gate,Immigration,06:00,18:00,177,59%,128,Yes,N/A,Available,T2E,Gate_2E_12
RES268,16/03/2024,Gate,Maintenance,20:00,08:00,485,70%,198,Yes,N/A,Available,T1,Gate_1_15
RES271,20/03/2024,Gate,Immigration,08:00,20:00,399,76%,268,Yes,N/A,Available,T2C,Gate_2C_36
RES761,16/03/2024,Gate,Immigration,12:00,00:00,209,70%,296,Yes,N/A,Available,T2C,Gate_2C_36
RES273,17/03/2024,Gate,Ground_Handling,18:00,06:00,378,74%,155,Yes,N/A,Available,T3,Gate_3_50
RES275,14/03/2024,Gate,Immigration,00:00,12:00,231,78%,247,Yes,N/A,Available,T2E,Gate_2E_41
RES279,18/03/2024,Gate,Security,08:00,20:00,447,86%,243,Yes,N/A,Available,T2D,Gate_2D_49
RES281,20/03/2024,Gate,Air_Traffic,23:00,11:00,267,48%,129,Yes,N/A,Available,T2B,Gate_2B_47
RES284,15/03/2024,Staff,Maintenance,16:00,03:00,43,50%,80,Yes,Supervisor,Available,T2,Terminal_2_Maintenance
RES301,18/03/2024,Staff,Maintenance,00:00,09:00,55,91%,82,Yes,Supervisor,Available,T2,Terminal_2_Maintenance
RES387,19/03/2024,Staff,Maintenance,15:00,00:00,42,83%,77,Yes,Supervisor,Available,T2,Terminal_2_Maintenance
RES474,14/03/2024,Staff,Maintenance,09:00,18:00,30,79%,52,Yes,Junior,Available,T2,Terminal_2_Maintenance
RES515,15/03/2024,Staff,Maintenance,12:00,23:00,56,87%,34,Yes,Junior,Available,T2,Terminal_2_Maintenance
RES591,17/03/2024,Staff,Maintenance,19:00,06:00,33,47%,29,Yes,Junior,Available,T2,Terminal_2_Maintenance
RES592,17/03/2024,Staff,Maintenance,23:00,08:00,15,94%,33,Yes,Senior,Available,T2,Terminal_2_Maintenance
RES602,17/03/2024,Staff,Maintenance,02:00,13:00,48,88%,56,Yes,Specialist,Available,T2,Terminal_2_Maintenance
RES733,19/03/2024,Staff,Maintenance,21:00,08:00,18,73%,59,Yes,Supervisor,Available,T2,Terminal_2_Maintenance
RES800,18/03/2024,Staff,Maintenance,17:00,01:00,28,79%,84,No,Specialist,Available,T2,Terminal_2_Maintenance
RES288,17/03/2024,Gate,Customer_Service,08:00,20:00,175,69%,193,Yes,N/A,Available,T2A,Gate_2A_48
RES296,20/03/2024,Gate,Air_Traffic,01:00,13:00,431,96%,163,Yes,N/A,Available,T3,Gate_3_10
RES686,18/03/2024,Gate,Ground_Handling,06:00,18:00,388,67%,215,Yes,N/A,Available,T3,Gate_3_10
RES298,19/03/2024,Gate,Security,08:00,20:00,218,65%,215,Yes,N/A,Available,T2D,Gate_2D_39
RES362,18/03/2024,Gate,Security,06:00,18:00,173,97%,289,Yes,N/A,Available,T2D,Gate_2D_39
RES510,14/03/2024,Gate,Air_Traffic,00:00,12:00,337,97%,126,Yes,N/A,Available,T2D,Gate_2D_39
RES300,14/03/2024,Gate,Immigration,16:00,04:00,263,84%,114,Yes,N/A,Available,T2F,Gate_2F_9
RES481,18/03/2024,Gate,Ground_Handling,18:00,06:00,263,48%,112,Yes,N/A,Available,T2F,Gate_2F_9
RES492,16/03/2024,Gate,Security,01:00,13:00,163,74%,198,Yes,N/A,Available,T2F,Gate_2F_9
RES304,19/03/2024,Gate,Air_Traffic,09:00,21:00,202,72%,153,Yes,N/A,Available,T1,Gate_1_3
RES311,19/03/2024,Gate,Security,12:00,00:00,313,51%,104,Yes,N/A,Available,T2F,Gate_2F_16
RES313,18/03/2024,Gate,Maintenance,10:00,22:00,379,74%,162,Yes,N/A,Available,T2E,Gate_2E_43
RES316,18/03/2024,Gate,Maintenance,08:00,20:00,498,61%,120,Yes,N/A,Available,T2D,Gate_2D_27
RES428,20/03/2024,Gate,Immigration,08:00,20:00,164,53%,210,Yes,N/A,Available,T2D,Gate_2D_27
RES317,16/03/2024,Gate,Immigration,03:00,15:00,334,80%,295,Yes,N/A,Available,T1,Gate_1_35
RES319,14/03/2024,Gate,Air_Traffic,08:00,20:00,447,95%,112,Yes,N/A,Available,T2B,Gate_2B_4
RES329,20/03/2024,Gate,Customer_Service,22:00,10:00,285,53%,113,Yes,N/A,Available,T2C,Gate_2C_42
RES415,14/03/2024,Gate,Customer_Service,09:00,21:00,280,56%,236,Yes,N/A,Available,T2C,Gate_2C_42
RES331,19/03/2024,Gate,Customer_Service,06:00,18:00,356,94%,224,Yes,N/A,Available,T3,Gate_3_42
RES547,19/03/2024,Gate,Ground_Handling,03:00,15:00,437,48%,129,Yes,N/A,Available,T3,Gate_3_42
RES636,18/03/2024,Gate,Customer_Service,05:00,17:00,399,61%,228,Yes,N/A,Available,T3,Gate_3_42
RES658,19/03/2024,Gate,Security,18:00,06:00,154,65%,119,Yes,N/A,Available,T3,Gate_3_42
RES338,16/03/2024,Gate,Security,13:00,01:00,293,70%,187,Yes,N/A,Available,T2B,Gate_2B_41
RES340,15/03/2024,Gate,Air_Traffic,01:00,13:00,273,66%,227,Yes,N/A,Available,T2B,Gate_2B_21
RES742,17/03/2024,Gate,Security,19:00,07:00,263,85%,193,Yes,N/A,Available,T2B,Gate_2B_21
RES357,20/03/2024,Staff,Immigration,01:00,10:00,38,57%,49,Yes,Junior,Available,T3,Terminal_3_Immigration
RES366,16/03/2024,Staff,Immigration,09:00,20:00,28,83%,98,Yes,Supervisor,Available,T3,Terminal_3_Immigration
RES450,20/03/2024,Staff,Immigration,18:00,03:00,36,80%,64,Yes,Specialist,Available,T3,Terminal_3_Immigration
RES487,17/03/2024,Staff,Immigration,04:00,13:00,15,50%,87,Yes,Specialist,Available,T3,Terminal_3_Immigration
RES493,16/03/2024,Staff,Immigration,21:00,06:00,54,74%,54,Yes,Junior,Available,T3,Terminal_3_Immigration
RES502,17/03/2024,Staff,Immigration,02:00,11:00,43,86%,30,Yes,Junior,Available,T3,Terminal_3_Immigration
RES526,17/03/2024,Staff,Immigration,06:00,16:00,23,95%,66,Yes,Senior,Available,T3,Terminal_3_Immigration
RES555,19/03/2024,Staff,Immigration,12:00,20:00,17,67%,39,No,Junior,Available,T3,Terminal_3_Immigration
RES611,16/03/2024,Staff,Immigration,23:00,08:00,49,72%,29,Yes,Specialist,Available,T3,Terminal_3_Immigration
RES735,18/03/2024,Staff,Immigration,02:00,12:00,41,51%,62,Yes,Junior,Available,T3,Terminal_3_Immigration
RES739,15/03/2024,Staff,Immigration,22:00,09:00,26,76%,43,Yes,Junior,Available,T3,Terminal_3_Immigration
RES743,16/03/2024,Staff,Immigration,04:00,13:00,43,71%,44,Yes,Specialist,Available,T3,Terminal_3_Immigration
RES787,18/03/2024,Staff,Immigration,08:00,17:00,38,74%,33,Yes,Specialist,Available,T3,Terminal_3_Immigration
RES358,20/03/2024,Gate,Maintenance,15:00,03:00,444,57%,268,Yes,N/A,Available,T2C,Gate_2C_28
RES368,14/03/2024,Gate,Air_Traffic,02:00,14:00,463,60%,107,Yes,N/A,Available,T2B,Gate_2B_17
RES382,18/03/2024,Gate,Customer_Service,21:00,09:00,239,72%,278,Yes,N/A,Available,T2B,Gate_2B_17
RES590,20/03/2024,Gate,Maintenance,00:00,12:00,407,95%,101,Yes,N/A,Available,T2B,Gate_2B_17
RES381,17/03/2024,Gate,Maintenance,21:00,09:00,195,93%,133,Yes,N/A,Available,T2D,Gate_2D_14
RES467,15/03/2024,Gate,Air_Traffic,11:00,23:00,206,87%,177,Yes,N/A,Available,T2D,Gate_2D_14
RES386,18/03/2024,Gate,Customer_Service,00:00,12:00,162,45%,141,Yes,N/A,Available,T3,Gate_3_8
RES391,17/03/2024,Gate,Ground_Handling,23:00,11:00,292,87%,264,Yes,N/A,Available,T2B,Gate_2B_33
RES392,17/03/2024,Gate,Customer_Service,03:00,15:00,263,47%,106,Yes,N/A,Available,T2C,Gate_2C_24
RES407,16/03/2024,Gate,Customer_Service,18:00,06:00,495,97%,262,Yes,N/A,Available,T2E,Gate_2E_17
RES408,15/03/2024,Gate,Air_Traffic,12:00,00:00,190,79%,191,Yes,N/A,Available,T2D,Gate_2D_11
RES409,20/03/2024,Gate,Maintenance,03:00,15:00,387,94%,111,Yes,N/A,Available,T1,Gate_1_34
RES412,18/03/2024,Gate,Customer_Service,20:00,08:00,165,66%,295,Yes,N/A,Available,T2F,Gate_2F_7
RES413,15/03/2024,Gate,Maintenance,02:00,14:00,201,53%,161,Yes,N/A,Available,T2B,Gate_2B_44
RES414,15/03/2024,Gate,Security,00:00,12:00,196,66%,228,Yes,N/A,Available,T2E,Gate_2E_1
RES422,18/03/2024,Gate,Ground_Handling,01:00,13:00,235,76%,210,Yes,N/A,Available,T2B,Gate_2B_39
RES424,19/03/2024,Gate,Immigration,15:00,03:00,236,91%,193,Yes,N/A,Available,T2C,Gate_2C_26
RES651,17/03/2024,Gate,Air_Traffic,08:00,20:00,469,57%,249,Yes,N/A,Available,T2C,Gate_2C_26
RES433,20/03/2024,Gate,Immigration,02:00,14:00,389,70%,175,Yes,N/A,Available,T1,Gate_1_29
RES438,17/03/2024,Gate,Customer_Service,12:00,00:00,431,75%,215,Yes,N/A,Available,T2E,Gate_2E_44
RES564,20/03/2024,Gate,Maintenance,12:00,00:00,374,65%,266,Yes,N/A,Available,T2E,Gate_2E_44
RES443,16/03/2024,Gate,Security,15:00,03:00,499,48%,137,Yes,N/A,Available,T2F,Gate_2F_27
RES446,20/03/2024,Gate,Immigration,00:00,12:00,363,78%,253,Yes,N/A,Available,T2B,Gate_2B_27
RES464,15/03/2024,Gate,Maintenance,03:00,15:00,444,90%,129,Yes,N/A,Available,T2C,Gate_2C_9
RES465,14/03/2024,Gate,Customer_Service,20:00,08:00,447,69%,199,Yes,N/A,Available,T1,Gate_1_14
RES507,19/03/2024,Gate,Ground_Handling,01:00,13:00,398,67%,277,Yes,N/A,Available,T1,Gate_1_14
RES475,14/03/2024,Gate,Customer_Service,18:00,06:00,480,57%,183,Yes,N/A,Available,T3,Gate_3_31
RES478,17/03/2024,Gate,Customer_Service,02:00,14:00,400,97%,172,Yes,N/A,Available,T2D,Gate_2D_5
RES480,14/03/2024,Gate,Ground_Handling,01:00,13:00,365,70%,287,Yes,N/A,Available,T2C,Gate_2C_2
RES483,19/03/2024,Gate,Maintenance,15:00,03:00,331,96%,199,Yes,N/A,Available,T2E,Gate_2E_14
RES489,15/03/2024,Gate,Security,13:00,01:00,247,96%,205,Yes,N/A,Available,T2B,Gate_2B_50
RES495,19/03/2024,Gate,Immigration,16:00,04:00,358,68%,141,Yes,N/A,Available,T2F,Gate_2F_20
RES744,16/03/2024,Gate,Customer_Service,19:00,07:00,407,82%,108,Yes,N/A,Available,T2F,Gate_2F_20
RES501,18/03/2024,Gate,Ground_Handling,20:00,08:00,372,97%,228,Yes,N/A,Available,T2A,Gate_2A_5
RES696,19/03/2024,Gate,Air_Traffic,13:00,01:00,223,59%,132,Yes,N/A,Available,T2A,Gate_2A_5
RES520,18/03/2024,Gate,Maintenance,06:00,18:00,434,87%,122,Yes,N/A,Available,T1,Gate_1_6
RES521,19/03/2024,Gate,Ground_Handling,13:00,01:00,380,53%,282,Yes,N/A,Available,T2F,Gate_2F_30
RES524,18/03/2024,Gate,Ground_Handling,22:00,10:00,456,84%,139,Yes,N/A,Available,T1,Gate_1_45
RES528,15/03/2024,Gate,Maintenance,15:00,03:00,466,68%,212,Yes,N/A,Available,T2B,Gate_2B_8
RES531,20/03/2024,Gate,Ground_Handling,14:00,02:00,442,52%,131,Yes,N/A,Available,T2E,Gate_2E_35
RES536,17/03/2024,Gate,Security,09:00,21:00,333,58%,271,Yes,N/A,Available,T1,Gate_1_48
RES545,19/03/2024,Gate,Ground_Handling,06:00,18:00,487,86%,259,Yes,N/A,Available,T1,Gate_1_8
RES552,16/03/2024,Gate,Maintenance,18:00,06:00,215,65%,272,Yes,N/A,Available,T2D,Gate_2D_7
RES556,16/03/2024,Gate,Ground_Handling,16:00,04:00,258,53%,257,Yes,N/A,Available,T2B,Gate_2B_25
RES570,16/03/2024,Gate,Immigration,08:00,20:00,244,74%,192,Yes,N/A,Available,T3,Gate_3_47
RES574,14/03/2024,Gate,Maintenance,05:00,17:00,396,80%,296,Yes,N/A,Available,T2D,Gate_2D_16
RES583,17/03/2024,Gate,Immigration,13:00,01:00,216,78%,166,Yes,N/A,Available,T2C,Gate_2C_5
RES593,19/03/2024,Gate,Air_Traffic,18:00,06:00,397,49%,155,Yes,N/A,Available,T2C,Gate_2C_37
RES600,17/03/2024,Gate,Customer_Service,23:00,11:00,339,49%,228,Yes,N/A,Available,T2C,Gate_2C_37
RES594,16/03/2024,Gate,Customer_Service,06:00,18:00,371,61%,116,Yes,N/A,Available,T2F,Gate_2F_41
RES595,17/03/2024,Gate,Security,19:00,07:00,481,48%,297,Yes,N/A,Available,T1,Gate_1_44
RES601,20/03/2024,Gate,Customer_Service,03:00,15:00,293,84%,246,Yes,N/A,Available,T2E,Gate_2E_29
RES604,15/03/2024,Gate,Air_Traffic,08:00,20:00,178,52%,288,Yes,N/A,Available,T2F,Gate_2F_14
RES608,16/03/2024,Gate,Immigration,10:00,22:00,487,94%,190,Yes,N/A,Available,T2D,Gate_2D_22
RES609,20/03/2024,Gate,Maintenance,07:00,19:00,255,83%,202,Yes,N/A,Available,T2E,Gate_2E_24
RES610,16/03/2024,Gate,Customer_Service,07:00,19:00,280,96%,109,Yes,N/A,Available,T2A,Gate_2A_3
RES615,16/03/2024,Gate,Air_Traffic,20:00,08:00,295,85%,114,Yes,N/A,Available,T2F,Gate_2F_43
RES617,15/03/2024,Gate,Security,03:00,15:00,348,58%,185,Yes,N/A,Available,T2F,Gate_2F_29
RES618,19/03/2024,Gate,Immigration,00:00,12:00,391,62%,237,Yes,N/A,Available,T2F,Gate_2F_25
RES626,16/03/2024,Gate,Maintenance,11:00,23:00,183,77%,144,Yes,N/A,Available,T2F,Gate_2F_2
RES713,18/03/2024,Gate,Air_Traffic,08:00,20:00,273,49%,204,Yes,N/A,Available,T2F,Gate_2F_2
RES631,18/03/2024,Gate,Immigration,09:00,21:00,308,85%,239,Yes,N/A,Available,T3,Gate_3_1
RES777,16/03/2024,Gate,Ground_Handling,22:00,10:00,414,65%,207,Yes,N/A,Available,T3,Gate_3_1
RES637,14/03/2024,Gate,Ground_Handling,19:00,07:00,152,94%,268,Yes,N/A,Available,T2D,Gate_2D_1
RES643,14/03/2024,Gate,Ground_Handling,01:00,13:00,478,71%,167,Yes,N/A,Available,T1,Gate_1_27
RES647,14/03/2024,Gate,Security,07:00,19:00,266,85%,229,Yes,N/A,Available,T2A,Gate_2A_45
RES649,15/03/2024,Gate,Customer_Service,01:00,13:00,320,46%,284,Yes,N/A,Available,T2C,Gate_2C_18
RES762,18/03/2024,Gate,Security,04:00,16:00,471,57%,299,Yes,N/A,Available,T2C,Gate_2C_18
RES654,17/03/2024,Gate,Customer_Service,20:00,08:00,470,82%,145,Yes,N/A,Available,T2F,Gate_2F_4
RES659,17/03/2024,Gate,Immigration,14:00,02:00,487,56%,247,Yes,N/A,Available,T2A,Gate_2A_7
RES666,20/03/2024,Gate,Maintenance,21:00,09:00,326,46%,267,Yes,N/A,Available,T2E,Gate_2E_46
RES675,14/03/2024,Gate,Ground_Handling,14:00,02:00,180,45%,287,Yes,N/A,Available,T2A,Gate_2A_11
RES678,17/03/2024,Gate,Security,22:00,10:00,155,71%,219,Yes,N/A,Available,T2F,Gate_2F_1
RES681,20/03/2024,Gate,Customer_Service,12:00,00:00,471,87%,151,Yes,N/A,Available,T3,Gate_3_11
RES704,18/03/2024,Gate,Ground_Handling,03:00,15:00,167,62%,230,Yes,N/A,Available,T2B,Gate_2B_9
RES715,16/03/2024,Gate,Immigration,09:00,21:00,300,75%,215,Yes,N/A,Available,T2D,Gate_2D_17
RES724,18/03/2024,Gate,Customer_Service,05:00,17:00,425,64%,245,Yes,N/A,Available,T1,Gate_1_39
RES736,19/03/2024,Gate,Maintenance,21:00,09:00,252,59%,193,Yes,N/A,Available,T2D,Gate_2D_45
RES738,15/03/2024,Gate,Security,16:00,04:00,226,67%,224,Yes,N/A,Available,T2D,Gate_2D_50
RES741,19/03/2024,Gate,Ground_Handling,22:00,10:00,429,97%,189,Yes,N/A,Available,T2F,Gate_2F_6
RES758,18/03/2024,Gate,Air_Traffic,08:00,20:00,405,45%,158,Yes,N/A,Available,T2F,Gate_2F_24
RES764,20/03/2024,Gate,Air_Traffic,02:00,14:00,296,86%,132,Yes,N/A,Available,T2F,Gate_2F_17
RES775,14/03/2024,Gate,Customer_Service,18:00,06:00,373,57%,219,Yes,N/A,Available,T3,Gate_3_19
RES788,20/03/2024,Gate,Ground_Handling,23:00,11:00,413,84%,242,Yes,N/A,Available,T1,Gate_1_4
RES790,20/03/2024,Gate,Security,08:00,20:00,249,94%,229,Yes,N/A,Available,T3,Gate_3_12
RES795,20/03/2024,Gate,Customer_Service,07:00,19:00,198,76%,131,Yes,N/A,Available,T2B,Gate_2B_40
